album_id,album_name,release_date
2Hjcfw8zHN4dJDZJGOzLd6,MONTERO (Call Me By Your Name),2021-03-31
5dGWwsZ9iB2Xc3UKR0gif2,Justice,2021-03-19
0SVzFcpsByITKgURaxXdsV,RAPSTAR,2021-04-09
57UjGWNfxfsBCykDm73XBK,Astronaut In The Ocean,2019-06-07
3lwHyR4joA1xB7Nun21EP6,deja vu,2021-04-01
1OnzqJTL9bwe4kvaLxRYxt,Kiss Me More (feat. SZA),2021-04-09
7dfPqXck6BB9wpThrVYBss,Leave The Door Open,2021-03-05
66FPnVL9G4CMKy3wvaGTcr,drivers license,2021-01-08
4yP0hdKOZPNshxUOjY0cZj,After Hours,2020-03-20
7g5WqPI4CdA22Cy8LxRXCf,Los Legendarios 001,2021-02-04
1zHR48K6XtWYm6bhrw4J6C,TAKE TIME,2020-03-27
5lKlFlReHOLShQKyRv6AL9,Future Nostalgia,2020-03-27
00wSTrFxoSzA7eeS1UxHgd,Sin Miedo (del Amor y Otros Demonios) ∞,2020-12-04
2d9BCZeAAhiZWPpbX9aPCW,EL ÚLTIMO TOUR DEL MUNDO,2020-11-27
2adSO4KU3FDjeM1PXCRDZm,The Business,2020-09-16
0Fe4Uj7GkgA1uDGGk8s92C,Up (Instrumental),2021-02-04
39qsmsNRXjVaFqTZj9af0j,Friday (feat. Mufasa & Hypeman) [Dopamine Re-Edit],2021-01-15
3MEKpJ7wSSp6Z661ThjrUJ,Destined 2 Win,2021-04-02
6YMSXPIHkA2jPIlFHuejXW,All My Demons Greeting Me As A Friend (Deluxe),2016-03-11
3YjfdLdpQcVI72uKhooZst,F*CK LOVE (SAVAGE),2020-11-06
270o30h7cAlEhBnbuSpFZq,El Dorado,2021-03-26
4fEgAL4ge9hHhxVDCUZbeF,Small Town Boy (Track By Track),2020-11-12
1MmVkhiwTH0BkNOU3nw5d3,Hot Pink,2019-11-07
5sIyJyOgwEIOgBhLxIGG3t,Bandido,2020-12-10
4hDok0OAJd57SGIT8xuWJH,Fearless (Taylor's Version),2021-04-09
0KTj6k94XZh0c6IEMfxeWV,Dreamland (+ Bonus Levels),2020-08-06
7xV2TzoaVc0ycW7fwBwAml,Fine Line,2019-12-13
7F9yYqHRtIZnEGF2tANI4b,Your Love (9PM),2021-01-15
2qehskW9lYGWfYb0xPZkrS,BE,2020-11-20
4G5Vks8Uru6hWVdZba0fP1,911,2021-02-05
3SdFuYwyWoq7kuaHdTDcyD,Goosebumps (Remix),2021-01-15
5658aM19fA3JVwTK6eQX70,Divinely Uninspired To A Hellish Extent,2019-05-17
4jGaPN2gEpKciN02ZKRShT,Beautiful Mistakes (feat. Megan Thee Stallion),2021-03-03
2jGa3OwXatFYQAIS7OV7k9,Revelación - EP,2021-03-12
7fJJK56U9fHixgO0HQkhtI,Future Nostalgia,2020-03-27
781cKhbTPwLnPmo9BALQl7,Good Days,2020-12-25
5Jk2ROWL8a4RxmFNiT8pvA,Ella No Es Tuya (Remix),2021-02-03
0JeyP8r2hBxYIoxXv11XiX,Future Nostalgia (The Moonlight Edition),2021-02-11
3euz4vS7ezKGnNSwgyvKcd,Positions,2020-10-30
28Yv9BE6ZI6dccK0sxbEq4,Best Friend (feat. Doja Cat),2021-01-07
3XsdVkuj3zMVHPRvodOgeE,Dancing With The Devil…The Art of Starting Over (Expanded Edition),2021-04-01
5glfCPECXSHzidU6exW8wO,Head & Heart (feat. MNEK),2020-07-03
1zEBi4O4AaY5M55dUcUp3z,Wellerman (Sea Shanty / 220 KID x Billen Ted Remix),2021-01-21
2vGU0DOcfsDee0euvhl1iZ,B4 The Storm,2020-08-28
15sy3XQFShOFiDpKoxByyA,Paradise,2020-10-30
1dzGsItgF4Gp1G4TNsdoXU,Más Negro Que Rojo,2020-07-31
6DHfMP3XhSQYlxs5a9l7s4,WACHA,2021-04-01
38DYAL9bTbpSQpZwENwj78,Además de Mí (Remix),2021-03-04
6ScNKLKYY6rpgCIJThLnMH,"L-Gante: Bzrp Music Sessions, Vol. 38",2021-03-10
4nUKyiRK7yKKrR9JslEWzR,Animal Pt. 1,2021-02-25
530tno9W2FoIzPffRMOyGG,L-Gante Rkt,2020-07-07
3dGUvydBX9qhg2YBMsVope,AM,2021-01-28
1R35ZqQyMMDZA8q4oMfVAJ,Animal,2021-01-07
3fq06DDIkadDRB9RuBb22v,Afrodisíaco,2020-11-13
5TXzXK8XclNSvQccVUiCf2,Si Me Tomo una Cerveza,2020-11-07
2b9q2TCzRLoVOi3BCilmFS,Pistola,2020-11-06
1PuH88Md0tzB8UrnBfboJA,Mis Manos,2021-03-04
3CHsVnC1c174aoAlDTyIUN,Confiesalo,2020-11-12
3NXbwVxHga0cmLdnRIDX64,Verte,2020-12-10
5CS8E6JVACItYto4OOJoPW,KG0516,2021-03-26
3Nle45IcWgxIkXQw8EtYq1,Ponte Pa' Mi,2020-11-20
4ht3ZwHsmWhrrR8LcKd62u,Para Mi Ex,2020-12-15
2yYl7Q3GOoBjznGy0Rsc2f,Dopamina,2021-04-09
5ZhZaBJaiJPoPre9hzZ75K,Te Mentiria,2021-02-20
77aeZo4yYPoMsnnRtPPpuk,No Te Enamores (Remix),2020-11-20
2gdXeh9icSTRQp71pxmTP6,Bésame,2020-10-09
7aS92ROK5rixV65VSRGPct,Chica Ideal,2020-10-16
69iuPQsXel3luOSDNF0q2Q,Enoc,2020-09-04
05XZWDj3tPhgwD3zQw43X7,Chico Estrella,2021-03-15
3xhACmNvvaKmvdslE1bevB,Polvo,2020-11-20
2svQMn9RrCglH2SbMIqlzU,Tinty Nasty,2021-03-09
3aZthZKHMbbleXcilISjha,"Nathy Peluso: Bzrp Music Sessions, Vol. 36",2020-11-27
1rQpXDegLbNBpe0fshpeKa,Travesuras (Remix),2021-03-11
3gLXoSKX6H6l1ulUYZTYvz,Déjà Vu,2021-02-05
62qqk2oK0GGO0AwWqUIqrJ,PROBLEMA,2021-02-26
2hdIFvSU7heSbsco9Mssbu,No Toque Mi Naik,2021-03-24
5F7rUv9XZPAnNfeKCYkqZS,Mi Niña,2020-09-23
0p2yf6DucEgvj8Uk8KXJJv,PAPI JUANCHO,2020-08-21
2g1zRrhhMX2cnyoP8HvgH7,TURRA,2021-03-18
7xdPNbwpkvpVSllF4CRcyT,Malianteo 420,2020-12-05
1R0ocprmeDu8ZkZn29xYFx,La Tóxica,2020-07-24
7p0HJKqXo2WpApHFp1iDcI,Cover Me In Sunshine,2021-02-12
2M0nxA3m2sZ5DyDzCdzScf,The Thrill,2020-11-11
3jDDMndpwWL3yDcDQcxk7R,F*CK LOVE (SAVAGE),2020-11-04
02ZsXShyE1HUqQceWLONcJ,Body,2021-03-25
26c7MmQ4w8EAvVLb4jilaM,Heaven & Hell,2020-09-18
7jRjPcWQMYGtD6gPBDZiAq,Fly Away,2020-11-13
1y2AzG31F4CuCKQ1rpIzaI,OK ORCHESTRA,2021-03-26
36tML2tWjDrbLW4FgrX17U,BED,2021-02-26
0BwWUstDMUbgq2NYONRqlu,Rumours (Super Deluxe),1977-02-04
1RWiRfdNZKDe8VXzzf2VEc,you broke me first,2020-04-17
39xhYyNNDatQtgKw2KdXMz,THE GOAT,2020-05-15
2ogiazbrNEx0kQHGl5ZBTQ,WAP (feat. Megan Thee Stallion),2020-08-07
7e7t0MCrNDcJZsPwUKjmOc,Shoot For The Stars Aim For The Moon,2020-07-03
0VzqGKZQDQLSse6W0hgABW,What Other People Say,2021-02-04
1spjrywhvUe95xR7TY3ukN,Leere Hände (feat. Sido & Samra),2021-04-08
29usCRl97IbEQACNshGC5A,KIDS FROM THE BLOCK,2021-04-08
6UrYYz1NtrHW8GDQz0QccS,Frag mich nicht,2021-03-26
3KAtEV9jbwMKd1BPbN4XfV,100 Pro,2021-02-26
6UkcKpsOgl3cHt90Ewypvm,Ohne Dich,2021-01-14
5boy0Dm6JWz7YP8yIWdiyg,Girls Like Us,2021-01-12
0i72GjB523RgrjK8HUa61B,Wasted Love (feat. Lagique),2021-01-08
3qzXinrMHSBhrsKBcwnLLR,Hy Brasil,2020-11-20
5DwA2j6RPl3a9CEHROkUK5,Faded Love,2021-02-05
1IspgyaPEgZEvvKDT1MCMm,BAD EYEZ,2021-02-18
5bb2Sf8jps2DTyI2urMThV,Afterglow,2020-12-21
1MZ3ZQqAV3wFjHjaOe6KFz,Head Shoulders Knees & Toes (feat. Norma Jean Martine),2020-05-08
4SjKfWuaqoEvX3m1HdYij3,PEPPERMINT,2021-03-04
1MzD3leRcUeeJrtX1KJIbD,induSTREETZ,2021-02-12
5R71PtNXCUYLQoOD0myCCl,Life Changed,2020-09-25
0KGBW1MQtC2aFPCDUdAkdJ,Long Way Down,2013-06-17
6N3kk3LU2L3KweZh6vTq0a,White Lies,2021-01-15
1Nw6WuaXLgABnThiOh2Kdc,Overdose,2021-04-01
3CHys9v5aX1NS861o6r556,Love Not War (The Tampa Beat),2020-11-20
7gG3z3pqEcVW8avRuW98pm,ZART,2021-04-07
2QC9gnxGo0MnJ98mLTOf6c,IIII,2021-02-26
4DsxykS9CPTnJPeoWXkRV8,Rise Up (feat. Vamero),2020-05-01
3baBaA5v0s0D5hHdXQP5uI,Turtlez,2021-04-09
0ZTSxS2LT3Il0QPm4l8kes,Verpennt,2021-03-25
2LDGUJR5xUMwkvKlbhrkat,Plesi,2021-04-05
2eORe6u9TPXYisYshyXVeH,Translation,2020-06-18
31H0KWvM2hCC3p8jkctCWN,DRILL FR,2021-02-26
7vhYasDgXpdyjwVaFvt95z,1 Op Een Miljoen,2021-01-28
0cPGWnwGhDm4SAV8h2Ot6l,Vroum Vroum,2021-03-26
49HjM8mnjS9PgYjSC03tkS,Goosebumps,2020-06-12
48rrtJw6xklCA9GIV3Eb2L,Rise,2021-03-19
3PbHh4WEBxiXZj3eXoiRP2,Nu Wij Niet Meer Praten,2020-10-09
0kHRftVXaiRHgQdtviml0G,Loyalty Over Royalty,2021-02-19
3d8o0AqmlT4STAg3yti4Ix,Tranen,2021-03-05
4YbZBB4HuIetaPBvadyys0,Vuurwerk,2021-03-26
1nz0PWfAcTQVbFtpU6u1UY,Follow You / Cutthroat,2021-03-12
4EvukZrmNBiqJbs3LwOSHu,HOLIDAY,2020-11-13
4sLtOBOzn4s3GDUv3c5oJD,A Star Is Born Soundtrack,2018-10-05
0UEG3km1FB7nGZHwiSun8x,KrING,2019-10-04
2O985DZAb4i6M6iu4HWqSX,Relación (Remix),2020-09-04
4ARUAVQnIDB02yVO8uvaJE,El Amor En Los Tiempos Del Perreo,2021-03-18
6JsZWQ0iaOn0GbirYWqwCi,AYAYAY! (Deluxe),2020-09-11
2AWg2kHOfuRPjJKYyttF9T,Fan de Tus Fotos,2021-02-08
7F8Usvm4Vj3XlRztSBRfEH,"Aloha (feat. Darell, Mambo Kingz & Dj Luian)",2021-03-05
5sEpXan86hEcM8eZSAoWhw,Platonicos,2020-06-12
49Et8wid3L8iKof9lu78SS,Tu Veneno,2021-03-19
5eABKqhbKkcAkAi3o6tFun,Bonita,2021-03-12
40T4QuY2o5FmisyJf3AlEf,"Aqui e Agora, Vol.1 (Ao Vivo)",2021-01-29
4iQUKFW9eZNn2fWcxuANT8,Disco Arranhado (Funk Remix),2021-01-22
0x28JzvWpaqtzw2YWKubKR,Liberdade (Quando o Grave Bate Forte),2020-12-18
7vmK77PL6WhlC2oIDJiFR2,Som No Talo,2021-01-22
0t4odyaTT5r6RJ7L2CjR8q,Facas (Ao Vivo),2020-10-15
3qHr515eeTF5tfUCHaCkse,Safadão Amplificado,2020-11-12
0EB9cgGjaXmq2YDrcpdSDE,"Da Roça Pra Cidade (Ao Vivo), Vol. 02",2021-02-19
0yqUVjjoQFD1wtu4OJSNM3,M4,2021-01-20
3IfMlmwvbnO0yPVTNCnwAb,"No Pelo 3, Pt. 1",2020-11-13
1GLViCxaCfb75xbzBGbskT,"Tudo Em Paz, Vol. 1",2021-01-22
0035eEuC71Ht8KkKjmbGyL,Esquema Preferido,2020-11-26
4XL8jGKJBd6cOEyggh5cFO,Não Pode Se Apaixonar,2021-02-12
3qaeGIuXmO4lNgGgerapPc,Vida Louca,2021-04-02
0kn9FP6sRjDYjQkIsX2hBa,Piseiro Atualizado,2020-07-28
532ccGsBf6MOSS0mD7yWSx,Lance Individual,2020-11-13
3x3CccLoOFQN8jnFJxF91n,FALA MAL DE MIM,2021-01-28
4CwfuAMrV2zwnoOzJtuI1k,Troca de Calçada,2021-01-29
1Yg3QTRv9IGAWeJQb7q8bT,Por Mais Beijos Ao Vivo (ao Vivo),2020-03-26
1fjkJADMiiZWMDusZSMNix,Deixa de Onda (Porra Nenhuma),2021-01-21
2x3FO0DZC61UwKBFNsnkzX,Mds,2020-05-19
6AW51ww4T6cgKSxfj9PybR,Último Beijo,2020-11-27
7gS7wxmnbG0jm5qoFzOXt2,Churrasco das Coleguinhas,2020-11-20
67GYNRw2795hr6ZlyyU1Sa,É Problema,2020-11-12
007jctHYAC50QpRyU3Cnj2,Só Não Divulga,2021-02-25
4ps8YCaJj1S9AmZ20mm7P6,Ô Moça,2020-12-21
6mpiRhzd62ck4gh6E0A5NF,Diferente dos Iguais,2020-12-17
56ZRzu6Nh2wsj48GYWZfm1,Piseiro Apaixonado,2021-02-04
1H3osN9EmZy0a8DGV27hXy,Ele Não Tem,2020-10-16
2E5eG2FJ0VAkg4rVmLlX1i,Amor da Despedida,2020-11-06
3jiWsFqKpHy8Ql3sW54xFz,"Volta Bebê, Volta Neném",2021-03-27
78YLa6QF2hX4A0QIX80QGy,O Embaixador - The Legacy (Ao Vivo),2021-02-04
54lVKhg9g9xAzZjMU46ay7,Saturno,2020-12-10
59wHxqp3FE5gfK0l4wAIc8,Pulei na Piscina (Ao Vivo),2020-08-21
7kbClkdK7jjoTIDAJmb1Pb,Freio da Blazer,2021-02-05
0HximOntVcjaDrMQcPxUXq,Cai de vagarinho até embaixo,2021-03-08
2Zwru555EbXVqOQ1c30LLH,DVD Novo dos Barões da Pisadinha Ao Vivo,2020-10-15
07PF9SyKuu6hstifHc0nEt,MODO TURBO,2020-12-21
43Q8jiKg8whuFnVCwA1xOC,COR,2021-01-01
2jsCve1xB2Gi5fag004Wsh,Avisa que é o Funk,2020-10-09
72IDYBV8RByJdQh8U74JDg,Espirra o Lança,2021-03-12
7GRukQVPHOjQW1l6o3W9aa,Sigilo,2021-03-18
4wRvyoU54SubOhGWL2n9Rp,Cheiro do Mato (Acústico),2020-08-21
1uDk1yrR8cucbTmpXR1G6V,Baby Me Atende,2021-02-26
17k2RAZkXJwm7bmiGAr0FZ,Cumpra-se (Ao Vivo),2020-09-10
1xpVDIfB11DKa1P2YJDdJP,Piseiro 2020 Ao Vivo,2020-10-15
2eMxdsV5UGrIDcaQKTUrLN,Изкушение,2021-02-18
1R443d7wgdg3tFO5ruHuMH,Само Ако Бях,2021-03-16
5bk31in3QWRWCg4NPMaNtj,Грешна си,2021-03-03
438ToDoVaJH5aTIXXrlDyI,DEMIDEVIL,2021-01-15
6d1vGZsr6Uy3h9IigBpPAf,Meet The Woo,2019-07-26
5sSk1zBXbMZ1KLWnvox8Qk,DEVA,2021-03-22
4xkM0BwLM9H2IUcbYzpcBI,I Love You.,2013-04-19
623PL2MBg50Br5dLXC9E9e,BLAME IT ON BABY,2020-04-17
2uDTi1PlpSpvAv7IRAoAEU,HIGHEST IN THE ROOM,2019-10-04
5BRhg6NSEZOj0BR6Iz56fR,Plastic Hearts,2020-11-27
60m4aHFtoGtOTL3HeeYZgR,"Boi, boi",2021-03-08
5dcFrXa9bC6CKElQiQo777,Грешници,2021-02-11
5jaifFEhQ8ECq0kotheTHc,Chukove,2021-01-11
42WVQWuf1teDysXiOupIZt,Birds In The Trap Sing McKnight,2016-09-16
2xAPKH0b7vGsyD5xzkPpnI,AP (Music from the film Boogie),2021-02-26
5LuoozUhs2pl3glZeAJl89,Scary Hours 2,2021-03-05
1OmWlObj9gAwNnTNgxBUmz,While The World Was Burning,2020-11-20
57lgFncHBYu5E3igZnuCJK,Tickets To My Downfall,2020-09-25
4o8m2tONjWiIppgNgE3VkR,Juju Juju,2021-02-05
4ZJFPNSnivkwyyNJ7EIYT4,Siempre Fine,2021-03-19
2oLEG1I4AcvA630m0wSuZH,Skyline,2020-12-19
4qLn9tjRhGQLjImUMTjOMz,Christian Dior,2021-03-12
14FrKuNUxsU8eEooOVW1DC,Me Fije,2021-03-18
0i7LxLqsHbR0lz6MJQyZt1,Rata Tan Tan,2020-10-02
4jfOmy33i7nM0gW5zPslJK,Sueños de Dalí,2021-03-18
6aqSlutLYNpzSsK4dV5jTr,UN DIA (ONE DAY) (Feat. Tainy),2020-07-24
5FTRQdKFi5LH6T8qZKsgpb,"Dale Corte (Con Luxian, Keishon Trigga y S4vage)",2020-09-30
0KhKYoSXQqEnXDRmIKMmGm,"La Curiosidad (Blue Grand Prix Remix) [feat. Dj Nelson, Jhay Cortez, Lunay & Kendo Kaponi]",2020-12-17
3mLAiqAlaOd5KaVOLJLtYM,Les mains faites pour l'or,2021-04-02
201N2ngAenwI2FBD3EpzpL,Fleur froide (Donum Novae),2021-02-26
3W0kaNeIqkpPlqqqzsHCYZ,16 ou pas,2021-04-02
5Z31afWU0NIldn8hRK5CZq,En Passant Pécho (Bande originale inspirée du film),2021-03-12
6BpbeB9VUpEBID5maQ8sHl,ULTRA,2021-03-04
7eKvzMoLTENJaukj2pHrw7,JVLIVS II,2021-03-19
5gFor2ZmO0Agv3isgcMPDl,Champion,2021-02-26
2QS8mwj4JvGDRsv9suNzN9,Casanova,2020-11-06
0A7vrkKQeL5ZRVkwABuqcc,13 Organisé,2020-10-30
74LPtYrPaz5EWAONfcWwby,Aimons-Nous Vivants,2021-04-09
2yiTtbQXKxr7uswNyxjrs9,VI République,2020-12-14
7kJKHavjE6pFQ7koiwykFG,Capo Dei Capi Vol. II & III,2021-03-25
484D9KRWoTWTzghknHQd1Q,"1,2,3",2020-10-29
7ylMn46R4HGKkOhmjCuFhx,Allo,2021-03-17
2NU2ajd63dfXOzKrvoMS3G,M.I.L.S 3 (Réédition),2020-10-30
7gKZ1HukHMcMI5PYQNMIWy,Rupture 2 merde,2021-01-08
6xHmPjzC5uPEouQwoKsUnp,Feed Collector,2021-02-25
50uhiL5gyoAvIBSsrjUP7i,OCHO,2021-04-08
3guPLYZHkQEz8lJdhnWoTD,Spleen,2021-03-26
6YjGFGvxaNPwD2sQjECHSX,Memories (feat. Kid Cudi) [2021 Remix],2021-01-08
5cnpjofSRJPxR22AriH7Q9,Mafana,2020-07-03
0o3UwRVlTSol8d23ypfjQ0,J’avais juste envie d’écrire.,2021-04-09
7vA0TnW2lm682zNwiRKEcE,A-One,2020-12-18
00ognFY9VoIAugUuPzy1WM,badmómz.,2021-04-08
0ujS0ICU2imSKNr7M6i2fM,BOBBY,2021-04-08
6pKOnbxaJiLhEVxPwBlI3S,Drei Uhr Nachts,2021-04-09
10dNbRCF8DByVwWzRiQ8sW,Das ist alles von der Kunstfreiheit gedeckt,2021-03-26
3WyjbWN8sdlpWugQuHpWUk,Niemand bringt Marten um,2021-03-12
5b5m4Kjx34zoQ8tguW4yyY,Diebe,2021-03-31
101tfLGnKkmcBCHfspCoXF,Tut mir leid,2021-04-09
1AK6peN1DwvYRXN19cqWoP,Wellerman (Sea Shanty),2021-01-21
2zfATmHZfIRjEnATDFUW6C,Deine Schuld,2021-03-19
1E5bSnYcfhaNVbRTfUpRRI,Wer wenn nicht wir,2021-01-21
0IoleYbJxOgQLuZDkzyzPG,Platte,2019-10-25
5S8QFORgv9orFYCqSVSjzq,Love Again (feat. Alida),2021-02-05
3BigkQlwdh92lAgiPtd1Ko,E先生 連環不幸事件,2021-01-27
4IynRAJW9IVPnitLGtydpt,時光倒流一句話,2020-11-13
4XXxhfDeaJggNFqZ9BOaS4,神奇的糊塗魔藥,2021-03-26
43QviVcqV7nKDFn00PiXiZ,MAJOR IN MINOR,2020-10-01
4m5WJ461G2KsDfjTwKarF8,The Brightest Darkness,2021-01-07
3I3I0AHGrv1daEtREWB1VA,隔離 (Studio Live Duet),2020-09-29
5BQcoDfcZ8aBcikYX9B7Ob,R,2021-03-12
59YA2cgcSxJ8ndjcWfNbYr,下一位前度,2019-01-11
2lWxtIbcRBLyKRm27Wa0b6,DWBF,2021-03-29
2YvFttJM4ejmuoe7V8IuBz,Warrior,2021-03-25
5RG4bEVKGMdLaEIv1dofR2,刻在我心底的名字 (Your Name Engraved Herein),2020-08-25
0ModZiFlJ4homzkNeuRATU,時間的初衷 (電影《一秒拳王》主題曲),2020-11-16
2R9j6chH2WczYgHTbG0FQx,是但求其愛,2020-11-19
27M08FRLdAhpAkorPnkuGa,Limerence,2020-12-03
6OPGexvajf1yf21kT1X0v9,蒙著嘴說愛你,2020-06-01
76CJR7OqDn0eP3YhY2efl8,遲了悔改 (ViuTV電視劇《太平紋身店》主題曲),2021-01-19
0078FdxCeQpSS1CYYAY4Df,未來見,2018-08-24
5E9unTDl20xlZkhDSsVbgo,狂人日記,2021-03-17
01dPJcwyht77brL4JQiR8R,IU 5th Album 'LILAC',2021-03-25
7AaIDRR7tkYkBEdy0nUWeO,隔離,2020-08-14
4SFTHZzZXGAXE7E1cd9bjt,No. Eleven,2010-01-01
6TNTfqsjHvxcrzjaO3fvWC,鯨落,2020-07-29
40i8Il5hBAX9OlqcZvQ2t0,正式開始,2020-06-01
4LGp83hqpcHOAk50c7IQeK,飞鸟和蝉,2020-07-03
3He2V83TzOwwyrdCJTeJeR,呼吸有害,2020-04-21
0w2tKyjNG1x1wgYyAnlTbG,東京人壽,2020-11-25
4O5Xl1fqOvpIfahlYWWndA,我在流浮山滴眼水.jpg,2021-01-11
44M14sRDzNZBtfaSH9Au3i,"想見你想見你想見你(電視劇""想見你""片尾曲)",2019-11-11
1uIlhInRyOcam9TjlEiGP8,假使世界原來不像你預期,2017-11-07
1xhO0GSoezdPJcSuNe1ySv,THE BOOK,2021-01-06
71O60S5gIJSIAhdnrDIh3N,THE ALBUM,2020-10-02
69BzgmDXpLIPQI4tUGuLZM,ドライフラワー,2020-10-25
4TapnJaH5MhqK5Jn7jt3eS,Grower,2021-02-10
41HUxKwnbrg8IdelmMibj9,怪物,2021-01-06
3kBl936FCNH8BLtpl21kWg,Take a picture,2021-03-29
2jae5Jx8Yh1WjP1K4wTFUa,Film out,2021-04-01
5msh7Lspyh1jGbDM2BxwAy,うっせぇわ,2020-10-23
3YXibprimHgDGwv8iPPT6S,One Last Kiss,2021-03-09
1KmL1EZ0Pg9Vj3rPYMDqHY,炎,2020-10-12
6BZjN6j79mjz7PJfGmvCR1,Kaikai Kitan / Ao No Waltz,2020-12-23
3yTEI6nQJTTHPVlFauTCsv,Poppin' Shakin',2021-02-20
0hE2gFx2Dv7DEm9kepaFFi,虹,2020-11-10
1wIIu2i7A56TlMD99CVNQD,Make you happy,2020-06-30
6CK4JBvVs10dL8xn2nNZwe,Life Goes On,2021-02-10
6aGYVnuwrIJY0Vy09s9CV6,BLOOM SQUAD,2020-12-19
1B4Ka4FOargLNxmbNch7xv,春を告げる,2020-04-17
1SKFic1b0W6lWuXBVzupOF,桜が降る夜は,2021-02-17
0BrbcPIApLwQQqJkizPbrs,I believe in you,2018-03-14
1XnvWmRl5YIp6u4k8rvIwN,Step and a step,2020-11-25
4UcEHspatQwGvtfR6AVwZl,おいしいパスタがあると聞いて,2020-09-09
6v1LcUpY4GNjQ1pQ4SJCDY,strobo,2020-05-27
6cpzSon38ekIuocueyQTCe,かくれんぼ,2019-12-01
6PWrAq4x3xn2Y2HahVhiQF,ギラギラ,2021-02-14
6o7g2IZKcH3c6yGHQA8hvc,X,2021-02-24
0jf58OGRFXs8NG5hcUCJb0,僕たちがやりました,2017-08-15
17gzvH2FPpVhpuqalLFi9j,Traveler,2019-08-31
1IYJeRjWNruxAKls5cBtqm,CEREMONY,2020-01-15
0Iz8ByVqKvdlyl77DV3y3p,エスカパレード,2018-04-11
34T4K8s8PzTNOZ1vuBILYr,SKYWALK,2018-10-03
052EiTRYh35MuDVJN9Emdh,STRAY SHEEP,2020-08-05
7EKSlfTmzRj012jKIstn7L,I Love...,2019-12-31
6qi56zXbhq7PU5lvzWNXIO,LEO-NiNE,2020-10-14
3jtrdWKt4Uo5iUU6VCc0do,swipe sheep,2020-06-10
5enxwo7c4D5mhXp5f56OLy,青と夏,2018-07-31
1zL4fVzGjGVuX6tMCUXUyg,silent,2020-10-21
47anQ0XC69gwTModnqWQsr,ぐされ,2021-02-10
4jEsFbcpgjHiu0rsTdlaOy,負け犬にアンコールはいらない,2018-05-09
1nScVw87kRJiT2bg2Kswhp,MAP OF THE SOUL : 7 ~ THE JOURNEY ~,2020-07-14
7fIqmc4GIaueaiAoDifAaA,瞬間的シックスセンス,2019-02-13
5kArccOTc9R98l8GF1D0bF,hope,2020-04-01
4Ixr6M2KwqrH5GGQMRFgkI,すっからかん,2020-12-24
3bRSI9DOQA2KdJ7t6zdW0V,Attitude,2019-10-01
0FbcuKOFPTtZgqAucm31iG,El Tóxico,2020-10-27
7rJgUM53wtu1WnwcAMaEgg,"Puerta Abierta, Vol. 1 (En Vivo)",2020-07-31
78OOLWnOyjDZRqxZXlfNk9,Yo Ya No Vuelvo Contigo (En Vivo),2019-11-01
6ylFfzx32ICw4L1A7YWNLN,OASIS,2019-06-28
4j7afzzctfV0UPUrJKWCQk,El Trabajo Es La Suerte,2020-08-14
1OlyomFZOv4Lx22rs4lBMw,AYAYAY! (Súper Deluxe),2020-11-13
4XiHCUNnGgnnN5xkGue4RF,Se Te Nota (with Guaynaa),2020-09-02
74UvOvL6L4tZbYFtY759ZG,PINK PLANET,2021-02-12
0A9eIFTz09ciHqCHJNYyf2,brent ii,2021-02-05
4sFNNIc9t1SS1FnuVKXR3J,Love Is Gone (Acoustic),2019-11-13
2lrmHLTedOpdP6TaZDZ77F,終於了解自由 (Deluxe),2019-12-24
3nR9B40hYLKLcR0Eph3Goc,Memories,2019-09-20
6QZyKchQivUBTSMcoBmlPa,Honeymoon,2020-02-14
1uyf3l2d4XYwiEqAb7t7fX,Doo-Wops & Hooligans,2010-10-05
7HBIfL5J50gkUIjSWMRWqw,嚣张,2019-08-07
2wiPF3m0ylst0JSk1IvZL8,Divinely Uninspired To A Hellish Extent (Extended Edition),2019-11-22
1aNkIWX1Uz0mSUK3OAFygO,說好不哭,2019-09-16
2CMlkzFI2oDAy5MbyV7OV5,Kid Krow,2020-03-20
4qDKkkL98yqdv85xqYfyUc,"愛,教會我們的事",2016-08-05
7oiJYvEJHsmYtrgviAVIBD,Back from the Edge,2016-10-28
22QqokF4etKGtDv3BrNvXK,白月光与朱砂痣,2021-01-01
0mOAG4DOqKvV7uwDhlpFMm,Rollin',2017-03-07
71hjsg660uio3Z8bnbB6fS,STAYDOM,2021-04-08
3iBrnwcIhtRrpRXirqxx8W,We Ride,2020-08-14
4hyhyzEkMEsaSHzkuMn4Ds,Atlantis - The 7th Album Repackage,2021-04-12
5vJNAlQeTf9lsulO1YlmSt,eight,2020-05-06
6bfcHf3khPey88qjiiw8V3,Don't Call Me - The 7th Album,2021-02-22
5FyZZQnOzCUzAMWmeWbQhO,ISLAND,2021-03-05
2xEH7SRzJq7LgA0fCtTlxH,Love poem,2019-11-18
1AvXa8xFEXtR3hb4bgihIK,MAP OF THE SOUL : PERSONA,2019-04-12
32pXXle0zoKIFG03iefH2c,Redd,2021-04-13
5xOx4mWABbTj0qWyZC4q1p,Bambi - The 3rd Mini Album,2021-03-30
1Ao5vWPO13f4l0ldwxOKL7,Like Water - The 1st Mini Album,2021-04-05
58CBwM98Y356zD5AVGZkZG,My Last Love OST Part.4,2011-05-25
2UwJ4Nt10VStLczYefhcEV,Shiesty Season,2021-02-05
25gJpQKgXxT5CrMitr0DQO,On Me,2020-12-04
3NNLR5rt9WpUqbRJqpV5zH,SoulFly,2021-03-26
6QqwWNpKYbROin3Gq5pIrV,Beat Box 3 (feat. DaBaby),2021-02-26
4JFHfIYCtka66G0izGrJhz,Shy Away,2021-04-07
0qGdc7fNq9RNIPEzZufa43,Laugh Now Cry Later (feat. Lil Durk),2020-08-14
6NRf3rD5JCAsD3tHBTKZ6P,4 Da Gang (with Roddy Ricch),2021-04-02
0MsgO41XUWYMHJmByMOUxr,Khuza Gogo,2021-03-19
3iqK7uy7JuSAlg18lcyCaq,Vula Mlomo,2021-02-26
2kE4dNChxoaS64Xdt6XLvu,Ace Of Spades (Reshuffle),2021-01-29
6TMWGIRUs3jSz8ZIfjVrRS,Umsebenzi Wethu,2020-12-11
6hHvePRHO74IOPUFfLRBFT,Woza,2021-03-19
2vO3uHk8tChDjwufVpZlha,Idlozi Lami,2021-01-22
4t9ahFCSrllg1H4TFbRa3n,Umshiso,2021-02-05
72CNHApUM3k3v3KZSrICBC,Undisputed,2021-02-26
6vgfstgFdGlpx368Aq5G0k,SummerYoMuthi,2020-11-20
4TGBsEH28jD2ggogWV8Ep5,Dakiwe,2020-12-11
0Cb2Zi3bxdpR9YrwadfS6Y,Catalia,2021-01-15
1XzCtIcQVloSxfnmUtQu5Q,uLazi,2020-11-13
53dEggr3n51XS5J8FhxKVy,LOGAN,2021-04-09
4ENjA7NcKA4tl6ZRlGGCRo,Patoreakcja,2021-03-30
2nUmtofQhXViMQP5HeDd0y,Fiołkowe Pole,2021-04-12
6gGxvgeHwp2Eef5mzwx0HP,Bandyta,2021-03-29
1qmfecOjD950MMfwE4prql,2:00,2021-03-26
76LTor7lkmS5TndjKVxjEc,Ale jazz!,2021-01-14
4zue8Rt5qQzQASxW9RNC7Q,Przypadkiem,2021-04-06
0WfdDlM96h2CU5C8nusynq,ZAEBYŚCIE,2021-04-09
6PTz8cfAhKWI4wJknwYdH0,3KIPA,2021-03-09
3LKHTl94vZ2yLDiusRJMQj,PLEŚŃ,2020-12-04
3KC1CFm9pWIdncnKW0ECm6,Szklanki,2021-01-28
016PGl1r4dhEeg6c55ajRT,Testarossa,2020-08-11
7n8UlMaQscsF4BDvPleWjM,Paw,2021-04-08
5tnOEQn7MwdlEVi2fTB2Av,Za krótki sen,2021-04-08
59x0oi366aVyMgicwDRDgu,Alien,2021-02-15
5ay92YxBkUyaJYRtK3yTyR,Janusz Walczuk,2021-03-15
0bcU5z54MAzxqmgBGr2vnP,Impreza,2019-11-23
5dvHrHBpcV8v1V5h9G4Oeg,Mam Na Twarzy Krew I Tym Razem Nie Jest Sztuczna,2020-12-29
7iXvBmSBo1Knisp9NyCpK5,Jakbym Miał W Ręku Klamkę,2021-04-13
1loTLeg3yiHZcX4MydtOx3,Kinol,2020-12-27
18ZSIoCKeHralHR4T1iIMi,Ziomalski Mixtape,2021-02-01
1oqPPWcLU26xz4t12L10fM,Posejdon (Deluxe),2021-01-14
5qxbLd2F2WxiDXw12aqrdg,Billy Kid,2020-07-09
2XEybHzEROxx8nLUOrtSbL,100 dni do matury,2020-01-17
759DXZci5lU5Lx0eXVMjVK,ROMANTIC PSYCHO,2020-04-02
1XNJspeyxcjk6EZTLB32Mj,Fight Club,2021-03-30
1vJj0wEFs5A60TTXWyXgdl,Dwutakt,2020-10-07
66JX1JdXtTgOfXeusS3JRp,Offside,2021-04-06
5r3bFP9SKeevfz7zEz77La,Oh No!,2021-03-08
0z6QIndzIRBS2pDAL1XECw,"Zabierz tę miłość (Storytel ""Random"")",2021-03-23
1O611Ag09UHVQOpDlgrgXm,Moonwalk,2021-03-04
56EF56plj0lM0YZBCSP6Do,Invisible dress (Maro Music x Skytech Remix),2020-12-11
3hHFt7RMihBKYUnKm9Gylw,Polityka,2021-04-08
6TnuWfb89ESa7cesDYwM5s,Mowgli,2020-11-20
4kU6DFVgZKoDYQPZk1OZp9,We play,2021-03-17
1sAkKaGmjFRmkb4kdZfeBb,Purnama,2020-11-27
5H4dZtWgENGHe43E4nnysF,Mimpi,2020-12-15
0cVSrL39wn0PkBm9PFf6G2,The Good Times and The Bad Ones,2021-01-15
5b4SezUzb7AZedcatFbgcC,Mungkin Hari Ini Esok Atau Nanti,2020-10-20
5RzTetLXRT1w3Nbt0V0XLz,Weak,2021-01-22
76LI8ZhtdPpfDeM8ld7F0W,Semalam,2020-03-06
4kkVGtCqE2NiAKosri9Rnd,Immunity,2019-08-02
5mUdh6YWnUvf0MfklEk1oi,Stuck with U,2020-05-08
02dOQaVQieNeAfpIZVBRaL,Gila,2020-07-31
4EzWlTDdNOPHfMZZmqHOxr,CHIMBITA,2020-12-11
1pUUH7qNJZsVa0AxHPmY11,PURRITO APA,2021-04-02
0Q7L1MC5jSE0srnjEWCifV,Otra Noche Sin Ti,2021-04-09
7vZC8PTQUCcw3687OxqY98,#7DJ (7 Días En Jamaica),2021-01-28
6zgCsYTyMyvBLqcv51KLXS,Ahora,2019-05-10
1NTAPW8MixdsXxAi4v9hBn,DI LETRA,2020-04-03
2CihHxhe77TEB6YEWBRVru,Jeans,2020-08-14
26f4QfPDvEnpYpRVsEeI6w,Buongiorno,2021-02-14
6u6jhjQf7JGaC2C2TcwHR3,Mums,2021-04-09
3xR1hy8mGx4dnWduHVY9NI,MCQUEEN,2021-01-22
4cbHdrdhr6tjiGKzZTrVfq,Broke,2021-04-02
0yvKiAxti5yd16tJt4FeAU,B.O. Bop/Wawa (feat. B.O.C),2021-03-19
7q1NUsoP1zfiYbnIhAaqAB,Ingen Over,2021-04-09
5gEz4l7cWLFnnAKHaH1az4,3,2021-03-05
4JS69UxvpMFy6pemPtY6Dx,Stjernerne,2020-12-25
6xv5vsKLMr1ai2czLUi0dj,Som Du Vil,2021-04-09
00knk068AEGY1pN5O7Y4Ax,Solhverv,2020-06-26
5yEhFaDAMwnKP3rZfJ52lf,Jeg Kan Lide Din Vibe (feat. Jimilian),2021-04-09
2zAj1kiG3WgHc4CLPIqv7p,Kærlighedssangen,2021-02-12
3JE1v19SrHzxmZAbf8iHkZ,BO4L,2020-07-31
76IDokLpzr6w9FNGHD6GdN,My Blood,2021-03-26
2nC14FHMeJq7BMiZSfFVAp,Garden,2020-10-12
1zFKjPWDOVJWO8AnOOnNF5,Monolog,2021-03-26
08e6x4kJclAHeB6qNiYUxU,Million,2021-04-02
68E2yicUkMNtfe5PWqQKRH,BABA BUSINESS 2 (DELUXE EDITION),2021-02-05
5jlaosUVan5Wr3mo0cCF1Y,"Sender mig til månen (feat. Kidd, TopGunn, Klumben & ELOQ)",2021-03-01
4dME9nfbQfTU1zx4P8LVjn,BABA BUSINESS 2,2021-01-01
1pvpYQoHCj9wqBj5eO66ot,I Wanna Be Dancing,2020-10-02
3rfF60caQ58JcLGbcKNndH,Nascar (Jamaika X Branco X Dree Low),2021-03-19
4TWKMqtrWaLhZEpUVVyfY2,Øve Os På Hinanden,2021-02-10
1A0K9zewunqFt9drGNk2W5,Titanium & Mercury,2021-04-10
19ftohYqQetn7BoGQXXlSd,Evering Road (Deluxe),2021-03-12
0vkahJN8SNXT05PgGc46nu,Latest Trends,2021-02-04
26uL4J5FErma5bp8r3UVnX,The Blue Print – Us Vs. Them,2020-10-09
707Yo7tTEf4TYZVIVde1uM,Don't Play,2021-01-15
1TushXSMlKucNp0KziSAU4,Good Without,2021-03-26
0aAVMtHuK9wX1mQozWvdSZ,Wild West,2021-03-12
7GJVQX2wiktNMP4QV20Y3E,Believe Me,2021-01-22
1bywIoMIeyI0OtOnxq0aZy,Let’s Go Home Together (Luca Schreiner Remix),2021-02-18
5Pw9JWUXrroWXylJklvlVc,Patience (feat. YUNGBLUD & Polo G),2021-03-12
70mFskdJpptbrvVk9uwtAo,Get Out My Head,2020-05-25
4piJq7R3gjUOxnYs6lDCTg,Hot Fuss,2004
6PzYuR9c0CYCPJTnqylPhd,Rasputin,2021-02-26
4wmJjtcDQLpfL4Bs0LV58v,Martılar,2021-03-26
3IBcauSj5M2A6lTeffJzdv,Kan,2021-03-19
6LpuMzcAiFIOBr4ijkpPuQ,Perros Blancos Freestyle,2021-04-02
775yVS4bLXoaJj1TiaxD66,Sakatat,2021-04-01
6fpzQNhureiJ6bOS2g2gYj,Seni Dert Etmeler,2020-03-27
6fHpLB45cLhowUDf1nHWkY,Dua,2020-12-11
3MRK2TWYUJkpNZM8LmTIN5,Ah Ellerim Kırılaydı,2021-03-19
6fBLCCARvyL2WNTR1QFJQB,Barbar,2020-12-25
2wQTy5lZxRCArc6UScs8zt,Kusura Bakma,2020-10-30
3EYBLj3sg0egpnL9Dhwmdh,ıslak kum,2020-11-13
10SYL3StnN0Gxqr9jGkDxS,Başka Hikayeler,2021-02-26
690HvmsEBKLv5gsKdoZdVi,Uzak Ol,2020-09-04
1QGVemNszLYbrqYqsdcqRH,Gece Gündüz,2021-01-29
298QpO2dJDLDwURvWA3b8G,Güya,2021-03-19
39fSB986BtwaS4x5vXbiuo,Uzunlar,2020-02-14
7Dsuv4908ZXkROMTvaxj0R,Glock,2021-01-15
2ECbsBHlISVQnCcl5o2qqj,Dumanı Pasla,2021-03-19
0aYfI5FrEXS53cNYSETq9R,Seni Öptüğüm Sokak,2021-01-15
2ARaqMe0AxH8vfYSNMCxJF,Melek,2020-12-06
1PExAwetChNI0MiLcDnBuX,Dünyadan Uzak,2020-03-27
7kvSA869nORwy8uzrHxUko,Allah’ından Bul,2020-10-08
1TOYbjUU1GF3KTbb6JZj1i,Bir Sebebi Var,2020-10-09
3GfORRNxyhQnepv1rtRLGK,Sanrılar,2021-03-26
6272MuSjfOJ3dbSOkb68Is,Hepsi Geçiyor,2021-01-15
66fQ1OfL3g4o2aOzLn247q,Kuytu Köşelerde,2021-04-13
14ki3G4oAEmURHV6ic5PV3,Beni Kendinden Kurtar,2019-10-04
5uNcIKJl8eyNoVoqqT5744,BEGEFENDİ,2021-01-29
2kj7ndfLwEJgeNFn9kL3jP,Bırakma Kendini,2020-04-09
7cpuTKGXRpW2SiaNTok32Y,Senin Yüzünden,2020-12-18
730v11m4FWgDUnl9Gte19s,HİZA,2020-02-13
1tOfXoKAd5AcUpq2MCge2W,Neogazino,2021-04-09
5UkfRBKjeHnppOGTHX7uJ4,Yaşlı Amca,2020-01-10
1bp7hCG7HxaJ0kUjD3eykN,Mesafe,2006-04-25
5XAbg5hEVbP2Io6EzpvnyP,Yaşam Çiçeği,2021-04-02
6aKRuXIgsdwIVonTP7PguK,EL PATRON,2021-04-09
5e2E1Cjig88oI1F68VpAeh,Sallan,2020-08-14
5FAaYhLsDUf4zlwd2kWcHm,Peşimde,2021-02-26
6IU59t2Ujxo6PfliB9y3kQ,Ben Gibi Bakmaz,2020-06-19
7reVX131NVuP74udQg1LPs,Başa Sar,2021-04-09
0T8UhoxD9S7LfMfWpRIkLS,Puşt,2020-10-09
4MiHGZmRm4SiEJTzxJ5ceJ,Şimdiki Aklım,2021-03-26
4GiU27H1hR7f9ZW8KlAHq6,Sevmek Yüzünden,2021-04-09
5tPIe2OATNfHB4Bk6Vl7iN,Aşka Kapandım,2021-02-19
1i51I1eMbdhkaH8AShzWjh,Borboletas,2020-11-19
2C1S5oONnsIYEgvaNf1KWh,Imagina,2021-02-26
27Gt5wAgEVjatU36I1ogDf,Tsunami,2021-02-17
6AyRf8Z2gkBsZBKmvnoWM2,Romance de Cinema,2020-11-20
1pOpD6cFStho3wbAcx6Npr,Fica,2020-05-10
50sUY8OGdS8EIaaisUzGQS,Yellow,2020-02-07
5RHIQCMEB79XCLtwbaAZh2,inesquecível,2020-10-09
199XPsDPVUoBXzfHlhl6b7,São Paulo,2020-10-17
3xaElN6GIqBAmlNFrJGgHN,Lisabona,2021-01-11
4ZgWBr16niSFDwCIiJ4iBk,Ngana Zambi,2021-02-22
5KaMoXkO7EBNbStRnCvRFF,Bem-Disposto,2020-09-11
5gBDraKQzQb4A7rEjzACEJ,Gota D'Espaço,2020-09-04
6prduoVslZQ2DC54TPyHei,Zlatej Kluk,2021-04-05
2b3VHocNH0l8kU0N1PkYi7,Prozyum (Director’s Cut),2021-02-11
1GYwv5rK5Bs1CemsKiXEBj,Barvy,2020-10-17
3AGve0PK7Yp3bmoGEX68Rt,Nemám Strach,2021-03-11
1a2uMG8Taeaxe9sHTZqUTd,pápá (feat. Ben Cristovao & STEIN27),2021-01-22
1QKupc7QPkV0aDtHOAIGdm,Černobílej svět,2019-05-16
19y5iJp6Tl4sOgBGvgQsr2,Šílený,2020-11-01
4sZ1939f9zP9OYtpffb4pS,ARIGATŌ,2019-09-24
7rK33Ae8DE1Hb4PLItVTvo,Melanž,2020-08-13
064pDjy5L2sQn0XLJj2wWx,SugarCrash!,2020-08-25
6pldChmzx9mD48KP0jAOC7,Therapy,2020-11-15
6SxaVtV5O9gMZZhUkVBeSW,Original (Deluxe),2021-03-26
4PkzJq6KqsHX5538WRr8Pi,"Stát Ve Stínu, Dotýkat Se Hvězd",2021-03-26
6BHyekmzGjCqv6ZDgK0GpI,A Glass of Water 2,2021-04-09
51cRAfvSPuvSkNwZvrpxfb,Nasim klientum,2011-06-16
2WG76KEpCWL8c790ZIEXk7,La Mamá de la Mamá,2021-04-08
0fudaOv4OlQqIUH3uQ6IM7,Si Es Trucho Es Trucho,2021-01-27
6e5ASvmKNtNVXzxtNgx6Xx,Arrebatao,2021-03-30
0VLl6NV05DjwNE2lZFdCEI,CÓMO SE SIENTE (Remix),2020-05-09
0pMWupcM6HNxZJ9zAWqgKa,Mi Contacto Remix,2021-03-08
7x8dNTVIpVvboQ3TsxCj0N,Y Eso?,2021-02-26
3VRZrkuj8fsZu3AHqB0Dwt,No Hago Coro (Remix),2021-03-26
1YffA4MCsDxDIPCDwnzAcZ,Tukuntazo,2021-03-05
1jHkDImQbWVY9sJPDnwHJo,Tiguere,2021-01-29
28adqly9V7wm5DFr7hlqtK,Los Dioses,2021-01-22
1V9QpD8kjA2iHCElhFGvlo,Famouz,2019-05-24
1BBjdKgGAqwdEvcvqBOGfT,Now Or Never,2020-07-24
2WA4eZXER4ZLTBftVKvrnO,Eternity,2020-04-20
66FX3WsFp1vhFbW9C2pfEZ,Doomino,2021-03-02
3igg9tMZizWeYkjA3xE5Iu,Universum,2020-11-06
1EiY4Zc3zewlZUBJuWPK88,drill(em),2021-04-01
7reljBD6EMySEyDG74r2bQ,Café Kosmos,2020-12-14
0kLBmUZLJ7bxHTQfTpjRRg,Magus melanhoolia,2020-12-05
1a2TVr84QDcsTGF4EvrVxK,loodus ja hobused,2020-08-14
6yBZyX3cH4aX91Tng2QZdF,Zuccenberg,2021-04-02
6rjUM8Dxw6nm9Sg0LCBirq,Tee mis sa tahad,2021-03-07
2j1o0dpcGUxuqKCymxBhMQ,Peo lõpp,2020-06-05
5Vj4LseRdzdMhrXOUTSrCH,Нету интереса,2021-03-05
5xSeFkbdeaNe2wRm3A3POi,soolane värska,2020-11-20
3pJrxBKVSotXG1f0LOyBLo,Aluspükse,2019-06-22
5d8FjcWOa33b7McSzeJxxl,Dokimase Ton,2021-04-07
5QrJNuy61xy4cB8RDnHCU0,Dolce,2021-04-14
5dBHB7B9ShDEEfNcsEWT7k,Baby,2021-04-01
6sbOrUwiPROlM1l3BGUUHc,Professor,2021-04-14
3AOLS2URlI0nyp6v6I9XS3,Ring,2021-02-14
1LUmXQwTGFaf4j5mYcl7hS,Xeimwnes,2021-03-22
0YjJuXJlkF0Al7355W6BXU,Supernova,2020-12-25
4ImFxuj7uxPzj91eEYPHfQ,Davay,2021-02-18
1DsRSZDIEqMt9gQXc8LktB,"Gucci, Cartier",2021-04-09
6yfbRFac4pSvmPOc2INxFe,Still Active,2021-03-26
7aFsEiPU5uJPM4KcM1Skt6,DEMODE,2021-03-12
2gFaNxStuphvpezGodu4aD,XILIOMETRA,2020-10-02
7kdCFhlocESWDQFecZ9wny,Tsigara Sta Valkania,2021-02-26
1HNY1yTayyqeyLWBPV7dir,Street Values,2020-11-13
59YU4frlC3fQOnds8bWLPn,Northside,2021-04-07
12fMkjJiORq3h1JVJAdtOc,Prince,2021-02-12
2tldLLaOIfgj8wiUZLAKgV,KHFISOS,2021-03-09
6eyHHxjYmrp0CHF1HL7YUc,TSL,2021-04-02
7JNgf2upfqPr8WNZIkLT7f,Barcode,2020-07-08
69WsIiBINGuXODn7zzmk0u,Apatewn,2020-12-04
1otLh4p5S40sz9rOD4B7QX,Hoodstars,2020-11-13
4g821NkcXctmx1GZgYnMsq,Solfege,2021-03-11
6IAu5JDi3qSGPOfAgPP3cN,Lockdown,2020-12-31
3DWIJ5FiBmyb1jBSPHFjbT,Morocco,2021-01-07
6y1IrK4qfYlztsk6qvGnra,TOPBOY,2020-05-22
463LvevEAdpic3pMelpyPW,City Center,2020-12-31
2ceBhmjSZM70fotWrLnsUV,Super Trapper II,2020-12-04
3XeFianRqStm6YdpjC99zZ,210,2021-02-11
7l81rRLV1MOes82mBuz71E,Bosses,2020-07-31
5lJqux7orBlA1QzyiBGti1,YHLQMDLG,2020-02-28
7CjJb2mikwAWA1V6kewFBF,X 100PRE,2018-12-23
2cZIhL3SflYF6jMlwtgM1C,Faszagyerek,2021-03-23
2a9vtUOCvapcSy7dWrWfij,RÉT,2020-11-04
2q4vWkcY2X0IkeBOjLPncQ,Üres szívek,2021-01-31
3nBQlhUvErkw8DVpF47WAn,Breaking Me,2019-12-19
1aGDDPYWDUCWAdnT3X9U9d,Pók,2021-03-22
6UYWmM8RfG3DAKC7OyUPBT,Lovefool,2020-05-08
3lKnPe0akux4j2uthibT7i,Fotofóbia,2020-04-03
3II80i5KpS38r0QjNzu8ly,Take You Dancing,2020-07-22
7z5wClHYj2bstTUyELZELQ,Szívedből minden kell,2021-04-11
2Zm137XpHV4wUu8v7rr5mq,Évszakok,2020-11-09
50qxhnpDu4wVgQmPBxU7Y6,Régi mese,2021-03-30
7ux5EroIZ9CNUsszpPcBiw,Talán,2020-10-31
5r58X4ClpnBIvBWm2XX63f,Veled Utazom,2019-02-14
4qsUrTAEV0xpzuy3dpX6tr,Ástrós (feat. BRÍET),2021-03-04
1Q6sazM3VrHFBsd9fqYIBB,Ef ástin er hrein (feat. GDRN),2021-01-15
2alcbjUqumOccqx2VZiBIX,Spurningar (feat. Páll Óskar),2021-01-15
3LSoEqFvR1Z4ichisNDAJT,"Kveðja, Bríet",2020-10-10
4lGQLifvUoDczSeGZL7LpG,Ég var að spá,2021-04-09
3rHzlepNKBzG1EGUaSnvyr,Segðu mér,2021-01-29
2J9T2cIXGQKn7NgaUBdfuh,Bassi Maraj,2021-03-19
1Disuvfz373W1w061taAPW,Esjan,2020-02-07
7zFm044IQNmUPgZWLEeEbH,Racks,2021-03-26
5Q0aWHu3M6alND61tb9N7i,Venus,2021-04-02
2Zegz0LaKZgwrLo5UbEa2x,10 Years,2021-03-13
4B4UxXtd4JaYNtaAN6ZNEQ,Skinny,2021-04-01
2NfQc4SOAD5pcgO6mMhWBG,Fljúgðu burt dúfa,2020-11-13
0Hr58TK8oPAI33wF9f6tew,Vögguvísur,2012
14PrNW59W0BVw2lIvePo5B,Kona,1985-01-01
4JnJBfWQaqTAE6G7GnfaFe,Er þetta ást? - Live á RÚV,2021-01-29
5UKdYYH3NbTbnwJxd8U8er,Rangur Maður,2021-03-05
2IgqTqUjGQsmahYITOCdBX,Lut Gaye,2021-02-17
1Ac8fcWoMbo35vD3B5Tjqs,Brown Munde,2020-09-18
61MMNyvMw4jPfrQiex5jm5,Baarish Ki Jaaye,2021-03-27
7uftfPn8f7lwtRLUrEVRYM,The Carnival,2020-09-21
2O5eyYEtqdbdixyQxDzCxi,"Nadiyon Paar (Let the Music Play Again) [From ""Roohi""]",2021-03-03
5Wm1nhxZqx7i0Hp6ZBqe9T,Love Forever With Arijit Singh,2017-06-07
6IXfWhC7omotM4lt0ROmEr,Love Aaj Kal (Original Motion Picture Soundtrack),2020-02-14
5UXmAl22CAOQCxk19q1xjG,Thoda Thoda Pyaar,2021-02-12
2mumCpGmuE9iDeOvMx6XrB,The Papercut Chronicles II,2011-11-11
3nfV4cQnlyNETxtXfKr3IT,Enjoy Enjaami,2021-03-05
54QdEwuZTXWQQOYda6FMxa,Few Days,2021-04-07
1zITUizbdnwegHf2BM7faa,Liggi,2019-12-23
2Svje8vKEM4VCKxoRyAvA4,Chhichhore,2019-08-31
3I8PdIhk6pNm8Kv0HiF14V,"Tujhe Kitna Chahne Lage (From ""Kabir Singh"")",2019-05-31
3TMR3K620scT4kBTSTMrnb,Waalian,2020-08-10
33pt9HBdGlAbRGBHQgsZsU,Evolve,2017-06-23
5JpH5T1sCYnUyZD6TM0QaY,Cry Baby (Deluxe Edition),2015-08-14
2sBB17RXTamvj7Ncps15AK,lovely (with Khalid),2018-04-19
0xzScN8P3hQAz3BT3YYX5w,Shawn Mendes (Deluxe),2019-06-19
11YJfivZjEaEUU9lJmeidh,Master (Original Motion Picture Soundtrack),2020-03-16
6FoLUhYlbncGfVYckWTqLv,Ludo,2020-11-13
00GpnM3JCsq6rtfBHptXZa,Saiyaan Ji,2021-01-27
33syewuvoBtDNf93eSnnwj,"Ghalat Fehmi (From ""Superstar"")",2019-07-25
7BuoXUb63gAPM9CMOlXJw1,Love Story,2021-02-28
3jqQFIXUakuDXdhFVvI7Ko,NAKAMURA,2018-11-02
3vcbeHMefvNcmt3UWddxe8,"Chitti (From ""Jathi Ratnalu"")",2021-01-11
1zCJSedSGgctXkJ3HnQCfC,Libaas,2020-11-19
6jKZplJpy21R5lHaYHHjmZ,Narrated For You,2018-11-16
60Omt7taTKwehAq1gETKCW,Jodhaa Akbar (Original Motion Picture Soundtrack),2007-12-31
1FU97iwW5a0nV7wq3Mk5DQ,"Ghungroo (From ""War"")",2019-09-05
6aAjFIfvmY4gKgsmmuazwy,Jugni,2021-04-01
0h2knr6qpiAq0tV5ri5JMF,The Days / Nights,2014-01-01
3QUGmEDo4oijL93sKzlsR4,Flying Solo,2019-06-14
7sO28fbiEU3JbkTcY7vkZi,Blue Jeans,2020-06-05
75KyCmWatZRvlMcMRed9BG,Selamat Ulang Tahun,2020-05-28
0jLBLt7jIjOz5n3jDiL2zn,Melukis Senja,2020-06-24
1zqYuKvhLBILR5PZdyAMyW,Putus Atau Terus,2020-09-14
5WJ4BZKGCxnGEpjGF27Zdd,happy,2019-07-05
1AgPsLxdjTamc8dapjpdom,I Just Couldn't Save You Tonight (feat. Aurélie) [Story of Kale - Original Motion Picture Soundtrack],2020-11-01
2vcGYJcPfXUmCdcXXqqukg,Everyday Is Christmas (Deluxe Edition),2018-11-01
01RsFGO7W7xaRM4T2p1Xdn,Yours,2020-05-12
7IRlD9qEXisysWi8O24EkU,Walk The Talk,2018-07-15
17vUW6koeUkV58uYfkK6G3,Sentimental,2020-11-06
6kn7hqy1xP6XsYD6rSIhZW,Kota,2020-10-28
3CVNmMgqfF8Rr3tiOqFvkH,C.H.R.I.S.Y.E.,2021-01-15
6PDnmCt2aYEQF3YHaCOVHI,Sudah (Story of Kale - Original Motion Picture Soundtrack),2020-10-16
73pAZrAw8W3Ey9hBJYOVLt,It Will Rain,2011-09-27
1JM15q9f61oK0xO7G9onVn,Makna Cinta,2020-09-04
0inJNc0fFD60UAIdFbnedW,Leave It Beautiful (Complete),2021-03-05
59Y3t7Q4Vf8pw8STJ6fogW,MOONCHILD,2020-09-10
5bCGmjVjL7LfS6el6O0Nwp,Katakan Saja,2020-08-11
1DAuVHMlBvIjzWZALSUXbn,Menari Dengan Bayangan,2019-11-29
7HfpqObrxrN4qutlLkxTw3,Maafkan Aku #terlanjurmencinta,2020-06-26
0boA7GUGSxOMWwdnnTR0yI,Into Your Arms (feat. Ava Max),2018-06-08
23eyS24eT0cGfKVt0UTFtT,Kukira Kau Rumah,2018
0V183a5JAKEFwnlRFzfqbQ,"True Beauty (Original Television Soundtrack), Pt. 4",2021-01-13
4VyUvPueWuM8Jnkk62gcos,Without Fear,2019-10-04
33a8Ha3pE7fo2o4T4xLabF,Confetti,2020-11-06
6y4VKtxBdPN8jVmeyCp0Qv,שושנים עצובות (ישראל בידור),2021-04-11
347aXzYbHwsLtqyMX99CZO,גדל לי קצת זקן,2021-03-09
569icpNOeFw5zZDePlrwJR,בית משוגעים,2021-03-03
3P8ZbT26YFY9rS0bKbS3Ed,יהלומים - BLING BLING,2021-03-07
5dMa0I7cyLtXLn47oxGpph,The 8,2021-02-17
1VJTRr2sjWAUBN5vcfci6T,רסיסים,2020-01-01
5iRY7IjF3Cw9LBt6ESsPR4,עידן עמדי,2011-08-30
55JRBOOVB5twmQbydWvzBc,KIDS,2021-03-26
4xfBD4GDwXMPHczd2pts2j,שקיעות אדומות,2020-10-25
1KnRVQXTCmlL49Ule62eU3,באמת שרציתי,2015-11-16
3TsFkrLXnknyMa3GegwMOR,רוצה שלום,2020-12-20
793n3eYaBcW0IHs7zHmrnI,להיות מאושר,2021-03-21
0mbu7snn26lq08aBEqfbQl,קצת אחרת,1994-01-01
7ASExNRuCOLSdRhZukGhl3,סיבת הסיבות,2021-02-24
1uiw4JLkam9MJiHN7U12Z2,אביתר בנאי,1997-07-01
5y4rSQJbmDFsIoTCvT6vey,יהלום - Prod. By Triangle,2021-01-31
07tEZylbG1KjXkvzsRnLqb,שרק תחייך,2020-08-24
2ujav1l9MDJ0IdJ1HJ9Y8B,אם תרצי,2020-02-26
5rnmY7Z9ADlfFDiaCmvGKo,שלמים,2020-07-27
0iM8ysKXxOALiYIYEY2YQY,וביום השלישי,1968-01-01
462wpJ2OhZmO2cdcgcwpyq,על מה בנות חושבות בלילה,2020-11-17
0605dh7Wm1z9kZuTwnurMJ,אריה,2020-02-27
3HFOto3KuEor5MTBx1pYeg,קַקטוּס,2021-04-01
6lJ9pg55PjM6yYcX4a78JA,תל אביב זה אני ואת,2020-06-08
6wqHpH5HDBbGleU9BnjFS9,שטח אפור,2018-02-23
2FtWmySJ08u2O3lA6Xbm9C,חיים מאושרים,2020-11-08
6SgVjrLaNBR3QTp4DLCsYq,נמל בית,1983-09-01
6SSW04Xf7QMwtQSvaVUYjx,חתולים,2021-02-02
77bDIhnMVW0L4mcJckkOzN,לילה כיום יאיר,2009-07-09
0KKNhG6aIUh1TNpMsOzWks,בזמן האחרון,2013-02-24
0LtCEsb3XEhynpgFLiWcLV,שני ילדים בעולם,2021-03-14
4F6TTNzobqHLmu4FWrTr8M,השמיים נעולים,2021-03-14
2KeNL92nQTFuhI9L0eHpPS,ТЫ ГОРИШЬ КАК ОГОНЬ,2021-02-19
0OsTkx8LstoMvRkHGaarkj,Патрон,2021-04-02
4lRRjkcxbzlARq8DrIFq1k,Piedošana,2021-03-30
4hwnkuhRmnW9rFN1P0m6D4,Новая волна,2021-04-02
4Ug3M4a8wAEebndVIF65fX,The Papercut Chronicles,2005-02-22
2YQKLW5gE3AiZlx4F7nBlw,Toksisks,2021-04-07
6ZvkKnWbtbw0SEh4twRUHr,Снова я напиваюсь,2020-10-07
18iFxjZugvKhuNNMbLjZJF,Wiped Out!,2015-10-30
6PP0Ir5XTp5gksiloHJP6P,Cristal & МОЁТ,2020-12-28
7viNUmZZ8ztn2UB4XB3jIL,2014 Forest Hills Drive,2014-12-09
43TZEM7ygBER2J582OdGWX,Lars,2021-03-12
4BqgPdobyinht8gNWxcVE2,Goud,2021-03-05
5MdGB34tCSO0HoZINzaX0Y,501,2021-02-25
5m1URbxyOpdcKwbvexXPdI,Als Ik Je Weer Zie,2021-01-15
7nA0EdSRuxzUqkA7kMSer7,Music (Songs From And Inspired By The Motion Picture),2021-02-12
0Xiu6ycZnF1fjfKTZrJjMR,Fisherman,2021-04-01
2q7MUBVNYCcbPqvwQZ0feH,Waar Ik Vandaan Kom,2021-04-08
275oSAHa19SMqDyPdjUVzh,Frans Duits,2021-03-26
4SzujG2DgIY5wfFOtQFdEx,Ven Ven,2021-01-29
7oji6I8NLtUtm13HlyUEIl,Bodemboy,2021-04-08
3i75dx8ORmKhhdwKLyZHqM,Hypnotized,2020-04-08
7h9U7OlSB4lQw9CDFORIVR,Afraid Of The Dark,2021-03-26
1x66drtf4CW5onOaeS0oz3,No Diggity,2021-03-26
5GavylsuNH6w0nfggBDuKa,PRESSURE MAKES DIAMONDS,2020-09-14
179jVEB0wZGEX6MThWhR2L,NIKE TECH,2021-03-11
2h9lK42gs4W4NM9EgLUbxI,Hee Joh Jip,2021-03-18
6WBCnJWvVockOvzanIULFH,All She Wrote,2021-02-26
4G8k52RLbQaIgx7tjIWhY7,Escape,2020-11-19
6PPhLgXiq4nEiZ8x2ZB3xV,L.A.B. IV,2020-12-18
0mjmpOTgR8UaqUSNjCL9Aq,L.A.B.,2017-11-24
5FkhVnR6DLz7ARqioHUwpc,L.A.B. III,2019-12-06
4fMTRTIYsVXfNWlaWmLpSK,Help Me Out,2020-10-16
7MenxXNX8NaBCcQtu40ccR,Six60,2019-11-08
2jdAHhRq48eYOmQSpxFzdl,Fade Away,2020-11-13
5gdsguQxwQQlpTi1SU3tbY,Drax Project,2019-09-27
2y5lgKfEm5B1pi8qrifGD5,Six60,2011-01-01
25baT12B8EsCMIjKVCztUi,Como Si Nada,2020-07-02
4IoXqa2p31wSTnOIYppcG3,En Tu Cuerpo (Remix),2020-09-04
6TRoxZTx8HtZ2B3U7c1jVC,Miedito o Qué? (feat. KAROL G),2020-11-25
7mau5c15cnVkwcp79cV5LK,"3G (feat. Jon Z, Don Chezina, Chencho Corleone & Myke Towers) [Remix]",2020-01-24
5KcyE1q8SZpu3rptRKNABC,Голодный пёс [prod. by Pretty Scream],2020-09-04
24QNaYuK4XQi8GEGDC7ea9,Ничего личного,2019-12-20
3OzWTanaiFd8jyfF6E9PRq,Контракт,2021-03-12
7buTJibChOq9YQAbXQu0Uh,Лавэ (feat. ANIKV & БИЛИК),2021-04-01
2rM0IiYwdg6HTeFzWVnFJN,Сон,2021-04-09
5ForRoVEwhqUlu6jcbgdaa,Karmageddon,2019-08-15
5JZO310JhgYTdz4POP2kEt,Франция,2021-03-22
19iEsSbB6LI57IV4X70RcV,Разбитые сердца,2020-06-22
2Yg1IIpyfCO2YCX0l5Kv6U,Синий Lamborghini,2021-03-05
2bo3aNcDml1m1VWVuydaCb,ХОТБОКС (prod. by Young Royce),2020-10-09
4hQtFPrFqYhio0gneskkTq,psuedoLove,2020-10-06
1xhErGiISRGJ0Y6AvYGyoZ,Dior,2020-05-28
24Al4tcb84nkn8iJawPTlb,Голос,2021-02-23
6S3SHxve1g8S1v71Vlq3YP,Чистый (OST «Псих»),2020-12-10
56dGVHgkRzOfEmWDA1W0ov,Акустический альбом,1998-08-05
2tlO69ULSH16UXobSx6gd9,FAMILY,2021-03-19
4AazRccPqHpoIxedRFfurN,Уроборос: Улица 36,2017-12-16
4Tt5hEk2PGsUDNpINewbw2,Венера-Юпитер,2021-01-01
7kuU8q2gCrBJ4iZJ3MzzkP,Миллениум,2021-03-11
1HmWQo43Gt8BR2dylfv3o4,Ugly is Beautiful,2020-07-17
4xu3a1LuYV0r3uCgiiuPNy,Viva la vida,2020-11-06
41uurV69BIoO6FwaRdXkWo,АРТЁМ,2020-10-23
2XSjTk1Cs3tpKdYeUktZAt,2004,2020-01-28
13bddABWHCEtgRwGWmEiAT,Camry 3.5,2021-01-01
7uSzfPhLjkLL6FaqMJyYmm,Cayendo,2021-04-09
5iy37OOKJOG3ts8th3dsdj,"Ugly Muzik, Vol. 1",2020-12-25
6ursd41l2w1YvIgiYIVtDK,кискис,2021-03-12
1Usgj4vnlf5iebjmzzRQJ7,KARI,2020-12-17
780NYW1JRweIAZub0i7cj5,Лилии,2021-03-12
5XFw9RIf7OGIL7GGNnIOLS,КИНО БЕЗ СИГАРЕТ,2020-02-20
5VvZWtDFBXYldTujOYb5xG,Ego Trippin',2021-04-09
7bA2UGo5MJwtDmyqOqGwnC,BESTSELLER,2021-03-19
6xuT7rum2qqggIhmzyrvFU,YAMAKASI,2020-07-17
67llcOfrH7DmC5yMmRd4UB,КОТЬ! КОТЬ!,2021-04-02
1H7ReEyX6o5ygyXMueHLBm,Flamenco y Bachata,2021-02-14
52QyC9nSbgtHFXyQRHsXJ9,El Madrileño,2021-02-26
1288f3Kr8eeE0ZWcyoyEjs,Solo,2021-01-29
5ElCfa24Wz9evOfT5k6uEB,"Hijos de la ruina, vol. 3",2021-04-13
7IJ4Cok2sQKI7JgpPyDIWr,Warm Up,2021-03-18
181dabcN6rArn5DwOYr3eP,Juramento eterno de sal,2020-11-05
23ceOvjypWsCUj9ZrW8Fno,2/Catorce,2021-02-14
2Wus44xdhaRpQHRRK4PBxc,No te decides,2021-03-26
0KIs894WbgFmA1cvRG99tY,JOVEN PARA SIEMPRE,2021-03-05
46To3XT2EvHUnLPF08E8SI,Las Nenas (feat. La Duraca),2021-03-04
0IuCnS7obPd6pE3lJx0Ax8,A Un Paso De La Luna,2020-08-14
5r8T7S23cVDSd7a045h4N5,Primer Dia de Clases,2021-02-05
2ShdgOPkxdlnwuE21iXpWS,Gamora,2021-03-05
10QyE172YMGrTKqXDYfEUX,tystnar i luren,2021-02-12
55w4D3r62g4hmMVvpnVkSV,Voices,2021-02-27
6PxUXGR120hMiXAozmB29G,PRICELESS,2021-03-25
37HmoBjoOnfTWrBdMXfJeR,Barn av vår tid,2021-01-15
68rZNuFQMgYPjZCpj6DPdM,Nån annan nu,2021-03-26
3dXd7zPtfgASvaxo0jIAtu,Fånga mig när jag faller,2020-06-17
6nQln0lriO0jiB1cYEdEVD,Mitt hjärta bara sviker mig,2020-12-12
3PrLzpNOLgtYYkiqBDkRf4,1 ÅR,2019-11-29
0bRAth39i98n7qrxubZ00K,Jerusalema,2020-01-24
55SFrQkALH1L1oXmkHG4Is,Behöver inte dig idag,2021-02-27
2CmaPlYkvb9Q8N1NM9zbHx,Ge upp igen,2020-11-13
0jJe56d4tAO2Bj6s5oR9Yi,VHS (Spotify Studio It’s Hits Recording),2021-03-19
5WC5WvmybgtCEuFdr0kQMW,Leylas World,2021-02-25
2XOBT3JlFI2ouu3I3yVnVT,Bara hälften kvar,2020-10-16
0gzMnl7iKqxfIJSHmuiYk3,GANG GANG,2021-04-02
1XkpttQ0sG0O1C1ASKurDO,Ser du månen där du är ikväll? (Tillsammans igen),2020-12-04
6hp2216exPe2qBLST3gpD8,Poster Girl,2021-03-04
1GsMXZ69kguUmvEwzOmvuJ,COMMANDO,2021-02-26
4bhweOUrC2PWGE1P40Szg3,Babblarnas vaggvisa,2017-08-11
7Ay3qzjvGZGgJqOcSHMooq,BILZERIAN,2021-03-05
6FC5YIMWbpLUDMF6tJyMZ9,När jag ser dig,2020-09-25
4rz2z5TUhGGUaXH1bSRooD,Every Minute,2021-02-27
46NgeK47Px9EjXI1ZdsWkY,Jag mår bra nu (feat. Newkid),2020-09-04
6FdDyRhsoCoQlCVg1B6QYn,Raggarbil,2020-12-04
2EB1w1XTnzqvdbWOEGZlV8,Little Tot,2021-02-27
3g2je1rRs7ZMnaoofQCnBe,BARA OM NI VISSTE,2021-02-19
1LjrNRhhrl248ey5geuzpP,ICE,2021-02-05
4NQfAHzpcD28TVebM9TXAC,Säg Mig Var Du Står,2020-08-28
3ymlmZD01qezHfoQlDtUWB,Guitar - Spotify Studio 100 Recording,2021-04-09
3bcMrj2XzJl776OdDXmrnF,Bailá Bailá,2021-02-20
4b4LGue9EPEclYIXoLdC8m,Dandi dansa,2021-02-27
0VqgheMWJatfAl6njk2DL8,愛情你比我想的閣較偉大 -《當男人戀愛時》電影主題曲,2021-03-15
6Vss0GQqlLtD4k3lSXnYI5,運氣來得若有似無,2020-12-31
4csJfkLKIaltiP8ALv7H0S,四季予你,2020-12-29
4Rx7JsvDZWfL07FV9qchPX,天黑請閉眼 (feat. 邱鋒澤),2019-05-09
2d7GxLlPqbUD7FNOlyrBXR,超能力,2021-04-01
7yvCk24AtE9k0vLcolSs2i,我肯定在幾百年前就說過愛你,2019-06-14
3J4wraaHCpQvLYofNxH51f,舞台,2021-04-02
3gSVbEaY8DpXpTK7BDUj1C,我們以後要結婚,2019-09-03
7LNFEHBmTVb3MMrQxPyuHs,Trash Talk,2021-04-08
5qiMTeDKaY3cfqZeBG0xUY,Outta Body靈魂出竅,2020-07-10
5BQmFN38iOhEhMVIdtvFhS,摩天動物園,2019-12-26
13EgeVmtvcqQIdJJix6QzM,我好嗎? - 太陽如常升起,2019-05-16
6pCW8bXJ2lt3QBU5dFXGdu,處處遺憾,2021-03-29
42kIWWADJxhtXbMvfm8jO8,各自安好,2021-03-24
4UNHITlg3vOCdwV2qMwwl1,Am I Who I Am,2020-04-13
7f0TsfTwdRaujau4u25Jsq,我很好騙,2021-04-09
52wbyXpG9wiklOacpLGrig,他們說我是沒有用的年輕人,2020-07-17
0bLc2MyuEEP8eiMnd6v5Rt,因為你 所以我,2020-12-25
6kXiZM2u6c5VdmYcGhtxmh,愛我的時候,2021-03-05
72fDUWj0QsUgA9EoGv2Yoq,如果能幸福 (HBO Asia原創影集《戒指流浪記》片尾曲),2020-12-15
4b65l6XzLp2Eg6lDTMmO1k,#osnrap,2019-04-30
5SGhMGsRdfFKlFjsE9L3V5,卡通人物,2017-11-04
5bXN7segGUJUfO1DvQ4QN2,少年,2020-03-20
7vMcapwZDRheyqRiuxhGFU,Bonita,2020-11-27
6ohNtR3J1yNw2Cs7zFYZfN,Se Picó,2021-01-14
1y2ar7cUSgVihUHXeCI21J,Barrio Prendido,2020-10-30
2Fql2aXWQCc8w9b5AWbAAk,Sài Gòn Đau Lòng Quá,2021-03-28
2abWPWzlhV9ROpN6EggZPR,Tháng Mấy Em Nhớ Anh?,2021-04-01
4LWNcXaa7PRKgdX78WodcT,Phải Chăng Em Đã Yêu?,2021-02-12
0hKtQOcoXFHvsvRLLnmRVX,25,2020-12-16
6oT0WOEPWOxsa2Vmnkxwxa,Chúng Ta Của Hiện Tại,2020-12-20
7FEh6eJumH2tqhXKfQ5Tul,Cứ Chill Thôi,2020-07-11
7Jzha1P8JmEFO0oyr3SbB8,Xin Đừng Nhấc Máy,2021-04-01
3sd1Ni5crypjsq5VuVYaK1,Giữa Đại Lộ Đông Tây,2021-04-11
7oZP3YD6tt4RAreNqTsjGv,Lỡ Say Bye Là Bye,2021-01-22
5eZM5D8F9yNZvsE4uC2l1s,Bước Qua Mùa Cô Đơn,2020-12-10
4LCUSz7bnPTF3IKerCv308,Chuyện Rằng,2020-08-08
6K252vEHDvcO47zNx9D5Y4,Gác Lại Âu Lo,2020-07-25
0pjTVkUehNsQzYQqjK671p,Sinh Ra Đã Là Thứ Đối Lập Nhau,2020-12-29
7Aifj5a3xjW2k9E3sEREtV,dreAMEE (acoustic),2020-12-15
0u3o3ESS1rnXlpF3VDI3gj,Mascara,2019-12-06
493DApdcbUofbYUTNvHySe,Dù Cho Mai Về Sau,2020-11-17
7xWIiLIMicso31AA6umVjI,Chúng Ta Sau Này,2021-01-29
3dJBWbi179boalDdrI7oXD,Chỉ Là Không Cùng Nhau (Live Version),2021-03-31
6He7un0iQqrbVsmieoliGN,Trên Tình Bạn Dưới Tình Yêu,2020-11-05
4GKf1nFfhu47PWFWMLQgm2,Diệu Kỳ Việt Nam,2021-01-23
3fAy66dEycL2DFH0oqzBHU,Gặp Nhưng Không Ở Lại,2020-11-25
31GIB1aqqt3mru3tsQOdLz,LayLaLay,2021-04-12
77yV2mEkJaZ4oLu1M4fe5N,Lối Nhỏ,2019-10-21
6mgn507pXtwFXRcEGcg4bA,Buồn Thì Cứ Khóc Đi,2019-12-13
7C3WHnNZ5zcUutPtsB7KjD,Đi Về Nhà,2020-12-20
6olmrtNvAOXjiPPqMYsMpi,3 1 0 7,2020-05-11
36CB3L3Wjw0VfgYx4xSqfa,Yêu Thầm,2021-04-07
0JoA8Z6TWI31c6uWXldxyU,tâm trạng tan hơi chậm một chút,2020-05-17
5oOVxWfhlsD4cYzUh1VBCr,Cho Mình Em,2021-04-01
4gfu67H8oClhhE4XT5JL2u,Hoang,2019-10-20
2Uejuvo8WwGMH3hUe8NGsO,Thích Quá Rùi Nà,2020-03-24
4HEIdDrqHTU5Bocyc47BqI,Tình Đắng Như Ly Cà Phê,2018-04-01
2S83wtOFg3NgQbyo3Lswkw,Thanh Xuan,2018-08-24
3edjzMAVB9RYRd4UcZBchx,A Star Is Born Soundtrack (Without Dialogue),2018-10-05
2QDSFMA1EylK5Qm1AB0nHh,Một Mình Có Buồn Không,2020-10-21
4UEbczuNRxEy7SGJTrfEBd,To The Moon,2020-07-07
5V9sf4PHbbTbrAG11xUzRQ,Bài Này Chill Phết,2019-05-21
