artist_id,artist_name,type
7jVv8c5Fj3E9VhNjxT4snq,Lil Nas X,artist
1uNFoZAHBGtllmzznpCI3s,Justin Bieber,artist
20wkVLutqVOYrc0kxFs7rA,Daniel Caesar,artist
4fxd5Ee7UefO4CUXgwJ7IP,Giveon,artist
6AgTAQt8XS6jRWi4sX7w49,Polo G,artist
1uU7g3DNSbsu0QjSEqZtEd,Masked Wolf,artist
1McMsnEElThX1knmY4oliG,Olivia Rodrigo,artist
5cj0lLjcoR7YOSnhnX0Po5,Doja Cat,artist
7tYKF4w9nC0nq9CsPZTHyP,SZA,artist
0du5cEVh5yTK9QJze8zA0C,Bruno Mars,artist
3jK9MiCrA42lLAdMGUZpwa,Anderson .Paak,artist
6PvvGcCY2XtUcSRld1Wilr,Silk Sonic,artist
1Xyo4u8uXC1ZmMpatF05PJ,The Weeknd,artist
0n6sKrG0xKAf8xmdqeNGke,Los Legendarios,artist
3E6xrwgnVfYCrCs0ePERDz,Wisin,artist
0EFisYRi20PTADoJrifHrz,Jhay Cortez,artist
6M2wZ9GZgrQXHCFfjv46we,Dua Lipa,artist
4r63FhuTkUYltbVAg5TQnk,DaBaby,artist
1U1el3k54VvEUzo3ybLPlM,Kali Uchis,artist
4q3ewBCX7sLwd24euuV69X,Bad Bunny,artist
2o5jDhtHVPhrJdv3cEQ99Z,Tiësto,artist
4kYSro6naA4h99UJvo89HB,Cardi B,artist
7i9j813KFoSBMldGqlh2Z1,Riton,artist
1gALaWbNDnwS2ECV09sn2A,Nightcrawlers,artist
4L2dV3zY7RmkeiNO035Fi0,Mufasa & Hypeman,artist
3Edve4VIATi0OZngclQlkN,Dopamine,artist
6jGMq4yGs7aQzuGsMgVgZR,Lil Tjay,artist
4IVAbR2w4JJNJDDRFP3E83,6LACK,artist
1WgXqy2Dd70QQOU7Ay074N,AURORA,artist
2tIP7SsRs7vjIcLrU85W8J,The Kid LAROI,artist
6fWVd57NKTalqvmjRd2t8Z,24kGoldn,artist
6ASri4ePR7RlsvIQgWPJpS,iann dior,artist
3klZnJvYGIbWritVwQD434,Duncan Laurence,artist
7iK8PXO48WeuP03g8YR51W,Myke Towers,artist
2LmcxBak1alK1bf7d1beTr,Juhn,artist
06HL4z0CvFAxyc27GXpf02,Taylor Swift,artist
4yvcSjfu4PC0CYQyLy4wSq,Glass Animals,artist
6KImCVD70vtIoJWnq6nGn3,Harry Styles,artist
7jZM5w05mGhw6wTB1okhD9,ATB,artist
0u6GtibW46tFX7koQ6uNJZ,Topic,artist
5Wg2b4Mp42gicxEeDNawf7,A7S,artist
3Nrfpe0tUJi4K4DXYWgMUX,BTS,artist
77ziqFxp5gaInVrF2lj4ht,Sech,artist
7ltDVBr6mKbRvohxheJ9h1,ROSALÍA,artist
0Y5tJX1MQlPlqiwlOH1tJY,Travis Scott,artist
2o08sCWF5yyo2G4DCiT7T9,HVME,artist
4GNC7GD6oZMSxPGyXy4MNB,Lewis Capaldi,artist
04gDigrS5kc9YWfZHwBETP,Maroon 5,artist
181bsRPaVXVlUKXrxwZfHK,Megan Thee Stallion,artist
0C8ZW7ezQVs4URX5aX7Kqx,Selena Gomez,artist
1mcTU81TzQhprhouKaTkpq,Rauw Alejandro,artist
4riOEaOW5hCeqomFDBk0aP,Rochy RD,artist
2UZIAOlrnyZmyzt1nuXr9y,Nicki Nicole,artist
66CXWjxzNUsdJxJ2JdwvnR,Ariana Grande,artist
6cK3NBO6uP7hh0oyuVELFl,Saweetie,artist
6S2OmqARrzebs0tKUEyXyp,Demi Lovato,artist
6DgP9otnZw5z6daOntINxp,Joel Corry,artist
7uMh23xWiuR7zsNkuNcm2G,MNEK,artist
1PKErrAhYFdfrDymGHRQRo,Nathan Evans,artist
4Euia7UzdRshy1DJOSMTcs,220 KID,artist
5PoZtBo8xZKqPWlZrIDq82,Billen Ted,artist
6MPCFvOQv5cIGfw3jODMF0,Internet Money,artist
2hlmm7s2ICUX0LVIhVFlZQ,Gunna,artist
4Gso3d4CscCijv0lmajZWs,Don Toliver,artist
7rkW85dBwwrJtlHRDkJDAC,NAV,artist
0xRXCcSX89eobfrshSVdyu,MEDUZA,artist
5KNNVgR6LBIABRIomyCwKJ,Dermot Kennedy,artist
2NfSBtmWe7oPw1EmetJVso,Boza,artist
4m6ubhNsdwF4psNf3R8kwR,KHEA,artist
1bAftSH8umNcGZ0uyV7LMg,Duki,artist
3Apb2lGmGJaBmr0TTBJvIZ,Rusherking,artist
1DxLCyH42yaHKGK3cl5bvG,Maria Becerra,artist
1vqR17Iv8VFdzure1TAXEq,Lit Killah,artist
5Y3MV9DZ0d87NnVm56qSY1,Tiago PZK,artist
716NhGYqD1jl2wI1Qkgq36,Bizarrap,artist
4YYxffPVDFe9XoqqbRW6Bq,L-Gante,artist
1Z7q2glJYLsPpPoPIgBjdE,Papu DJ,artist
5hdhHgpxyniooUiQVaPxQ0,Nio Garcia,artist
2oT7xd9iTO2ejLsNGIMa5f,Flow La Movie,artist
6w3SkAHYPsQ1bxV7VDlG5y,Cazzu,artist
2R21vXR83lH98kGeO99Y66,Anuel AA,artist
48R2gYdPKtfnfKAzhSVPUx,Migrantes,artist
7n3wAgh1j3RRbxYzfZTQDF,Alico,artist
1M1s4ofh9rBEBWhyYsXAcn,El Mas Ladron,artist
5kfMU816qY0ujqEt3xIHqR,DT.Bilardo,artist
28gNT5KBp7IjEOQoevXf9N,Camilo,artist
2oQX8QiMXOyuqbcZEFsZfm,El Alfa,artist
1aw0Cdl1DIrtUrUA6fGbAR,Dread Mar I,artist
52qzWdNUp6ebjcNsvgZSiC,Evaluna Montaner,artist
790FomKkXshlbRYZFtlgla,KAROL G,artist
14zUHaJZo1mnYtn6IBRaRP,Justin Quiles,artist
0tmwSHipWxN12fsoLcFU3B,Manuel Turizo,artist
4kcQWQDK0u9AftVSpdrAgk,Luck Ra,artist
7kXCcNRLEnblbTAppPraBp,Milly,artist
329e4yvIujISKGKz1BZZbO,Farruko,artist
2cPqdH7XMvwaBJEVjheH8g,Jay Wheeler,artist
6kq4GHwUcUojGIu0ziSNXf,Amenazzy,artist
7HSeegdmjLYRJpkOYIaZIW,El Reja,artist
1kyy6AW7C6Rr2jrYwz95Gi,Lira,artist
07YUOmWljBTXwIseAUd9TW,Sebastian Yatra,artist
0BqURncJM5B1BBu7UM51eq,Guaynaa,artist
1i8SpTcr7yvPOmcqrbnVXY,Ozuna,artist
1vyhD5VmyZ7KMfW5gqLgo5,J Balvin,artist
37230BxxYs9ksS7OkZw3IU,Chencho Corleone,artist
1SupJlEpv7RS2tPNRaHViT,Nicky Jam,artist
5xIOUIBQhGFX7HIj8lhdyU,Omar Varela,artist
4cJD9t5QBFTUQcd3xfbOb2,Dillom,artist
3VHAySZQPlfGlNLslzXYpN,Nathy Peluso,artist
1fux65HMCBvfJHqlBc4Nno,Casper Magico,artist
1wZtkThiXbVNtj6hee6dz9,Wisin & Yandel,artist
0KKUc4amZyvswV2YL6WTar,Mariah Angeliq,artist
0eecdvMrqBftK0M1VKhaF4,CNCO,artist
4VMYDCV2IEDYJArk749S6m,Daddy Yankee,artist
47MpMsUfWtgyIIBEFOr4FE,Lunay,artist
1r4hJ1h58CWwUQe3MxPuau,Maluma,artist
6oMRQ5H3A2XA5I3RG3leni,DJ Alan Gomez,artist
1KCSPY1glIKqW2TotWuXOR,P!nk,artist
0gAILSEru1PKMwP0tAqNLS,Willow Sage Hart,artist
137W8MRPWKqSmrBGDBFSop,Wiz Khalifa,artist
67hb7towEyKvt5Z8Bx306c,Empire of the Sun,artist
3FoFW2AoUGRHBacC6i4x4p,Russ Millions,artist
7b79bQFziJFedJb75k6hFt,Tion Wayne,artist
4npEfmQ6YuiwW1GpUmaq3F,Ava Max,artist
2NjfBq1NflQcKSeiDooVjY,Tones And I,artist
6s22t5Y3prQHyaHWUN1R1C,AJR,artist
1anyVhU62p31KFi8MEzkbf,Chance the Rapper,artist
5KKpBU5eC2tJDzf0wmlRp2,RAYE,artist
1Cs0zKBU1kc0i8ypK3B9ai,David Guetta,artist
08GQAI4eElDnROBrJRGE0X,Fleetwood Mac,artist
45dkTj5sMRSjrmBSBeiHym,Tate McRae,artist
0eDvMgVFoNV3TpwtrVCoTj,Pop Smoke,artist
6L1XC7NrmgWRlwAeLJvVtA,Sam Fischer,artist
4hK7sEnm0se5bqoI3Yb5o1,SANTOS,artist
4Yttlv9ndGjCDCVLqM7ACq,Sido,artist
6h1s4i4XKIYv4ErDelLDN0,Samra,artist
3CJKkU0XuElRT1z8rEtIYg,Luciano,artist
76dRoxKtDwYkgCQePok9cU,Miksu / Macloud,artist
3ZuBEj9ppJe8GSdKaMTfMN,Nimo,artist
4sVieJlKgpZ2k9ESNS5IdN,Jamule,artist
13bDjug9N0pyv3ZUINjkDV,Bausa,artist
1qQLhymHXFPtP5U8KNKsm6,Apache 207,artist
7ADRm1oT7VmhRRZrZqycV6,KASIMIR1441,artist
7oWrEQO1d3klp0Qrfh7a5h,badmómzjay,artist
44yXVrsMTsKGUBHZsYFZNq,WILDBWOYS,artist
03d2mJXSMtuPI0nIvLnhoS,Zoe Wees,artist
4AKwRarlmsUlLjIwt38NLw,Ofenbach,artist
1PbtWtrN7jZpd4toqxrjm2,Lagique,artist
0bmxU94V20pNJ2Vie9kFYv,Rea Garvey,artist
09agIJMxCD2k87ys9Al0f0,VIZE,artist
2NpPlwwDVYR5dIj0F31EcC,Leony,artist
6eUKZXaKkcviH0Ku9w2n3V,Ed Sheeran,artist
2h6hAChW74hB9HvrNoK1RY,Quarterhead,artist
2fsk4VlJdNF6G8cCMDrrzB,Norma Jean Martine,artist
3ufl0BckLId1MPMWvCppQM,Prince Bopp,artist
3tQzzidoPfVifoURnDfgmD,t-low,artist
2txHhyCwHjUEpJjWrEyqyX,Tom Odell,artist
46aNfN89JrOQTCy97GoCHa,Tokio Hotel,artist
07YZf4WDAMNwqr4jfgOZ8y,Jason Derulo,artist
1XynjLPAyPi8SZAx8LHN0Z,Nuka,artist
3t5xRXzsuZmMDkQzgOX35S,Robin Schulz,artist
5pXe6yFchq1oyYK3rq2A8i,KIDDO,artist
4mrBetqy378Jf1y6NLszlx,VINAI,artist
74GrV01oFcjJdLHCF9MWhr,VAMERO,artist
18Zq5h68TQ6kurXzRNHJDo,Big Toe,artist
1aS5tqEs9ci5P9KD9tZWa6,Bonez MC,artist
2j2rh3oQh4QEUnNTDKYSJD,187 Strassenbande,artist
10XY9PZCJKzUFzZOdtlQLU,LX,artist
5qZLYtTL3ldN6Uw7OXHESR,Sa4,artist
7aASXckUdNXJ5X338n8C1D,Voyage,artist
4cy8rq83cl4eKpRWRK9hyM,J Fado,artist
3QVolfxko2UyCOtexhVTli,Angèle,artist
1yxSLGMDHlW21z4YXirZDS,Black Eyed Peas,artist
0EmeFodog0BfCgMzAIvKQp,Shakira,artist
5gqmbbfjcikQBzPB5Hv13I,Gazo,artist
7hdCH3dJ27WvUbo00gAMwE,Metejoor,artist
2Zx5UnYsOJTrLB7EerhsJh,Babet,artist
6o5sl0TGublDPXyMHdMq1E,Moha K,artist
7f5Zgnp2spUuuzKplmRkt7,Lost Frequencies,artist
5WxnXxSCyhDSyi6elhBZd4,Jaap Reesema,artist
3zGV7t4BDmYZBLVA24487b,Pommelien Thijs,artist
7arQA31aZVS8yS6zUveWzb,CJ,artist
4LcUpNlXFEleaLlelmkv2R,Kris Kross Amsterdam,artist
5yDkaiPTFbHGWCMXAEBt5Q,Kraantje Pappie,artist
2aV2tpJtR55vg19SxBJvNs,Camille,artist
53XhwfbYqKCa1cC15pYq2q,Imagine Dragons,artist
1HY2Jd0NmPuamShAr6KMms,Lady Gaga,artist
4VIvfOurcf0vuLRxLkGnIG,Bradley Cooper,artist
1RBzGO6Nm3uyhUSxP7EDWO,Kevin Roldan,artist
6w9ToX5slZ4uIdmD17hJ3c,Bryant Myers,artist
1Ts9of7VPZElwPQnqnDSfW,Lyanno,artist
1pQWsZQehhS4wavwh7Fnxd,Lenny Tavárez,artist
4bw2Am3p9ji3mYsXNXtQcd,Piso 21,artist
0XwVARXT135rw8lyw1EeWP,Christian Nodal,artist
5lwmRuXgjX8xIwlnauTZIP,Romeo Santos,artist
7a0XAaPaK2aDSqa8p3QnC7,Beéle,artist
2T1aUibqR2QC2sINIDQOAK,Mambo Kingz,artist
64aJYyrXljOodnUG6jvhRD,DJ Luian,artist
1TtXnWcUs0FCkaZDPGYHdf,Darell,artist
2ydZrTy8U3kOMOzx20s3dg,DJ Nelson,artist
6ZtLRqHEkAXPWVw0eRbDac,Jeeiph,artist
41QLxRXlc2NwfJZkHGHKid,Israel & Rodolffo,artist
3fll16LLw6kdDxWzSpJPEQ,Malu,artist
2zWqENF4cnsd1nLmraG9IE,DJ Lucas Beat,artist
0NGAZxHanS9e0iNHpR8f2W,Alok,artist
7Lmrb6KcIzfkmgbtokjsAL,Mc Don Juan,artist
0IhzJFf4QBEz0ifqLwScKV,Dj GBR,artist
0NiaKn55OzJswiYevvlKfz,Raí Saia Rodada,artist
3k68C6mNMJL6OaAdWeW2ZF,Diego & Victor Hugo,artist
5JXhkyafynxCvxtov7C1PV,Bruno & Marrone,artist
1AL2GKpmRrKXkYIcASuRFa,Wesley Safadão,artist
5Lv2GUVwqmQBPwrTrxucE5,Os Barões Da Pisadinha,artist
6gLW5LlLEXdtWaS0EWfzaJ,Jorge,artist
68YeXpLt3jB7JHQS5ZjMGo,Teto,artist
5nP8x4uEFjAAmDzwOEc9b8,Matuê,artist
1LIuN7ov1IBQDdLsU83ojl,Hugo & Guilherme,artist
1elUiq4X7pxej6FRlrEzjM,Jorge & Mateus,artist
0RPzmE1iY76tx1eBBXFyYn,DJ Ivis,artist
48HORs6F9P7IgdyKrk4MZC,Tarcísio do Acordeon,artist
43DRDu6nLSeIedZ7T1A616,Xand Avião,artist
3PZTvUS5fUUhV3EKAjqdZk,Mc Danny,artist
28ie4NNTa2VW2QV4Zray8M,Mc Poze do Rodo,artist
6PERJZF7wohA034PAxDK0b,Neo Beats,artist
25XJqeReVV38w0tR04GGBd,Mainstreet,artist
3TJGVUkSJzk5ZPixMFczZX,Vitor Fernandes,artist
5wbf52LA6kcaboHSN6NEF1,PEDRO SAMPAIO,artist
1NNT7LXreEsY7C0bHlCWDp,Daniel Caon,artist
1yR65psqiazQpeM79CcGh8,Marília Mendonça,artist
487N2T9nIPEHrlTZLL3SQs,Zé Neto & Cristiano,artist
6xlRSRMLgZbsSNd0BMobwy,DENNIS,artist
5YwzDz4RJfTiMHS4tdR5Lf,Xamã,artist
3CDoRporvSjdzTrm99a3gi,LUDMILLA,artist
1TYJOhNSxMOODWiDVhuyZb,Kawe,artist
1mV9h1AwhRXSjBFcYpajgY,Mc Lele JP,artist
0MInKJqZscEeNc5K3K0mkE,Simone & Simaria,artist
2Z0lRIqr997lIUiPtrpKCr,Matheus & Kauan,artist
1oSgjdbgLYULVmEBojPRw8,Fernando & Sorocaba,artist
1OwYxVDNKP9JtSpp5E0uA4,MC Zaquin,artist
1JQLCxphQYlnbokiEvfB8o,MC Matheuzinho,artist
22jNvLBrXGKr4CcV2tw8Ag,Jonas Esticado,artist
7MiDcPa6UiV3In7lIM71IN,Gusttavo Lima,artist
1cNPXWhKfjI0fT5EMCnamR,Dj Guuga,artist
1WXbiUMl1AT9Inb619xPUg,BIN,artist
0y7B2G0jNMGWyQJsOoRMUt,Ajaxx,artist
6m6e7D2TnV0aYMllFFwMxu,Guilherme & Benuto,artist
0JjPiLQNgAFaEkwoy56B1C,L7NNON,artist
6ZiGAU6TJQEyidFQ22eIOS,Mc Rennan,artist
5icwIVKIEdJwzeHjQ6XYJG,DJ Braga Oficial,artist
4PzYKhC14sTJNEr0dzoo0d,Luísa Sonza,artist
6tzRZ39aZlNqlUzQlkuhDV,Pabllo Vittar,artist
7FNnA9vBm6EKceENgCGRMb,Anitta,artist
1sPg5EHuQXTMElpZ4iUgXe,ANAVITÓRIA,artist
7dnT2FUXhjirperXaH22IJ,Rita Lee,artist
0pcoadNMmvrUyab1RxWBoV,MC Hariel,artist
17CbKzT0I4256iVuPvrZXr,Dj Serpinha,artist
14jVHWj9dqpLhs8hHEMnyJ,MC 2jhow,artist
0vLuOi2k62sHujIfplInlK,Hungria Hip Hop,artist
37mqXU98U5GmH5ZDtlHM1c,Matheus Fernandes,artist
4NUePmzDvCYqilXBFa91Hg,Dilsinho,artist
0NsJZ5PMjqghGDuMzY7CuT,Marcos & Belutti,artist
3vIccdVCJt0pImyvORjoQP,ToTo H,artist
4hcbbb8RBjFjCuMhmVv1b9,Slavi Trifonov,artist
6dTTAcKWN7BmRGAmmAsdeX,Ku-Ku Band,artist
1eEQsoShF5WtugoY65IJ3i,Marianoff,artist
4oopAFtLdKXCoq2XoEjDZD,Krisko,artist
42APSc9etBGptl3otzihIZ,Toni Storaro,artist
3PyJHH2wyfQK3WZrk9rpmP,Ashnikko,artist
6lay1nwbE6hTx1jivysUAL,Princess Nokia,artist
556XyBuO17TCo0Bviw5nCW,V:RGO,artist
77SW9BnxLY8rJ0RciFqkHh,The Neighbourhood,artist
757aE44tKEUQEqRuT6GnEB,Roddy Ricch,artist
5f7VJjfbwm532GiveGC0ZK,Lil Baby,artist
5YGY8feqx7naU7z4HrwZM6,Miley Cyrus,artist
4AZihrM3P96d5mA9kvsxxH,Tsvetelina Yaneva,artist
4FTXvsvz433gZR67rhxFfN,Lidia,artist
09dmaVobfJspAF2KEumlH8,Konstantin,artist
1UUQq3z2RCIqSE1eiP00Jv,Marso,artist
6VygwRDdLkyJFlJUVgHpF7,Fyre,artist
0msxvaLjlsLIudZFYaRFCP,Bobkata,artist
4M47drOmnvyfjvu7H3TFH2,Mishell,artist
3TVXtAsR1Inumwj472S9r4,Drake,artist
14CHVeJGrR5xgUGQFV5BVM,Fivio Foreign,artist
6LuN9FCkKOj5PcnpouEgny,Khalid,artist
4DdkRBBYG6Yk9Ka8tdJ9BW,Offset,artist
3tJoFztHeIJkJWMrx0td2f,Moneybagg Yo,artist
0H39MdGGX6dbnnQPt6NQkZ,SAINt JHN,artist
5rGrDvrLOV2VV8SCFVGWlj,Imanbek,artist
6TIYQ3jFPwQSRmorSezPxX,Machine Gun Kelly,artist
2cFrymmkijnjDg9SS92EPM,blackbear,artist
7thOJx5gcuoJcEcaoHsPAk,El Futuro Fuera De Orbita,artist
0NnUMWDCDi1snuMja6IdxH,Harry Nach,artist
1hUvMU3Sw9PKvnwftPtx8S,La Nevula23 Productor,artist
1SiLK8gdECx2iEm2SSj0Bl,Ak4:20,artist
2DspEsT7UXGKd2VaaedgG4,Alex Rose,artist
6p2442ymrT9lZEuCZJdYcH,Ivy Queen,artist
1pgDilWYDWLoOgGjf1iHNu,Zion,artist
5mgqYTU6dhKlEdi7DOy4uU,Alberto Stylee,artist
7rOlQwf8OuFLFQp4aydjBt,Paloma Mami,artist
0GM7qgcRCORpGnfcN2tCiB,Tainy,artist
7bbz4y8ash42ZebCD4jgze,Yeremih NoMercy,artist
1WMwuNKzEFtU6pPkdtryYS,Kendo Kaponi,artist
6W5uA6CNMf3hd2j4a2XWCx,Naps,artist
7gU9VyFRN3JWPJ5oHOil60,Tayc,artist
1SxuyHZnLUFyFHGzdGaxZk,Wejdene,artist
78Die3Gb8yaElTmGCa7m7N,Kore,artist
6Te49r3A6f5BiIgBRxH7FH,Ninho,artist
58wXmynHaAWI5hwlPZP3qL,Booba,artist
7J0JxtOPMKWufOraoIqjiH,JSX,artist
2kXKa3aAFngGz2P4GjG5w2,SCH,artist
6HkzZenXCsrdGcqMgWJECN,Jul,artist
4fDx6CTJ4KWhnAg6TvwmWe,Serge Ibaka,artist
1f1DjtYgH6yBzBSiGteBJl,Were-vana,artist
76Pl0epAMXVXJspaSuz8im,Freeze corleone,artist
19u3RGWKsjmbg9eI6zAiNp,13 Organisé,artist
5RaQ9nmVGoTye2SI76x3yw,Kofs,artist
3IW7ScrzXmPvZhB27hmfgy,Jul,artist
0oeiA5U9u1U45Gos5cywUU,Soso Maness,artist
2IoSLl3tqYMq9DzR0d6NJN,Elams,artist
7FXX45sHqoQoCwqtG0ZV8H,Solda,artist
6zrOXBaNn0DqJeXxgC2eyH,Houari,artist
63MCBZRiUdnqRsAOJwijiB,Sadek,artist
2kIs76sEGiulKeqetZq6ua,Jok'air,artist
2z2TRvloJt4EfUNQp9rHAi,Alonzo,artist
15jZ8OLtnGATWHlQkltG7f,Amel Bent,artist
05hirnMeVIzCrcUxbrysZU,Hatik,artist
46wEUZyujVrFSrdCnTKQmV,Marwa Loud,artist
5nH2klYTzn8CNvUv1GOGQO,Eva,artist
3vUMXQ9kPnZAQkMkZZ7Hfh,Tiakola,artist
5WUlDfRSoLAfcVSX1WnrxN,Sia,artist
5MynxBz4ZMqvUzpcxTZl4C,Therapie TAXI,artist
0LKAV3zJ8a8AIGnyc5OvfB,SDM,artist
5hREZP0zTQbTLkZ2M8RS4v,Djadja & Dinaz,artist
0fA0VVWsXO9YnASrzqfmYu,Kid Cudi,artist
66Ok6bgC570sHkw08N20pZ,OBOY,artist
2UwqpfQtNuhBwviIC0f2ie,Damso,artist
2EFpb61Lpi0l5ldOiqbZkK,Landy,artist
4VuARVJiWGsH2msKTdsKdQ,Veysel,artist
7qXzy6c5RWT0XlVQcOBIDG,Mark Forster,artist
5Yo5iU2nf4H41waPl4ZnS1,LEA,artist
2jXb8AWz82Sn3RRGOaia7a,Danger Dan,artist
3nDNDLcZuSto4k9u4AbcLB,Marteria,artist
1SnSPHBs8l5iAvoWF0aO05,FOURTY,artist
4WoSAKuoaPxrbwp3Y1PvKb,Bozza,artist
2rEVnwCPBeGkWMv425KoG1,AYLIVA,artist
12xme1fwd3iGEW7rF9b6tp,Wincent Weiss,artist
1kiq2kUV0cbLUhJsr7cpW0,Alida,artist
5jewGMrZtMNJk5OsZ61Cpo,Edan 呂爵安,artist
3tvtGR8HzMHDbkLeZrFiBI,Terence Lam,artist
2MVfNjocvNrE03cQuxpsWK,Hins Cheung,artist
1SCaQu3jTbcKIjy8aC7KHa,Jace Chan,artist
3eVa5w3URK5duf6eyVDbu9,ROSÉ,artist
1qW9Pi35NXnu7Q8KWyVYe6,陳卓賢 Ian,artist
6B9YF4eOv99klogeZUzkYM,Mirror,artist
2JBUyLiFvpFPWdZGqIGYLD,Crowd Lu,artist
5r0xeBSRKRJ5Dm63XzTZhE,Endy Chow,artist
3oONGjPFxkb1rqTtFx8fl2,ToNick,artist
2QcZxAgcs2I1q7CtCkl6MI,Eason Chan,artist
6V1SwiosQqf5XvmoTMCGa9,Dear Jane,artist
0DwdA5ZgTJcIQ2uIhc110D,姜濤,artist
1VSepPOw3REo0L6LFeii0Q,Yan Ting,artist
7uzBKhYbCKBs53kDrO4Suc,RubberBand,artist
6FH5vFm7hqDm3UzEAYuizY,Jer 柳應廷,artist
3HqSLMAZ3g3d5poNaI7GOU,IU,artist
6f4srX54JFrLNK4aTJe2Sc,Ren Ran,artist
6jlz5QSUqbKE4vnzo2qfP1,Karen Mok,artist
2zzKlxMsKTPMsZacZCPRNA,Joey Yung,artist
0u3m5Sy2zsq4Gk0aduH9s7,Serrini,artist
3TtgOeQcNkf9WVDA4xPBJM,831,artist
1DgBVE3lCnC7Osg9zpAt6N,Charmaine Fong,artist
64tJ2EAv1R6UaZqc4iOCyj,YOASOBI,artist
41MozSoPIsD1dJM0CLPjZF,BLACKPINK,artist
0ixzjrK1wkN2zWBXt3VW3W,優里,artist
7jGn8qhLb48n7yMMNfAoHv,Awesome City Club,artist
3z8diLlUCkN1j9N9ZdnfBJ,NiziU,artist
6mEQK9m2krja6X1cfsAjfl,Ado,artist
7lbSsjYACZHn1MSDXPxNF2,Hikaru Utada,artist
0blbVefuxOGltDBa00dspv,LiSA,artist
58oPVy7oihAEXE0Ott6JOf,Eve,artist
6n4SsAp5VjvIBg3s9QCcPX,Masaki Suda,artist
7JthQ6zwNzfxRfIEjp6wUs,HIRAIDAI,artist
3jpPlA4ASvE9TlObazOIee,BLOOM VASE,artist
7kOrrFIBIBc8uCu2zbxbLv,yama,artist
5kVZa4lFUmAQlBogl1fkd6,Aimyon,artist
3BjFX1nExMNHvSaoLd1I1k,Takaya Kawasaki,artist
2IUl3m1H1EQ7QfNbNWvgru,Vaundy,artist
0jJmZHZHNe8n24Y33z5Nil,DISH//,artist
5Vo1hnCRmCM6M4thZCInCj,Official HIGE DANdism,artist
6wxfx1yhyqjCPYwwxJktR2,King Gnu,artist
0jWCX6zp4RjWrmZRxJ2uri,Novelbright,artist
1snhtMLeb2DYoMOcVbb8iB,Kenshi Yonezu,artist
2sd5k8N8cAOm6Q8OCcePw4,Rin音,artist
31iJDnqpS43YIG18nTFx14,RhymeTube,artist
4QvgGvpgzgyUOo8Yp8LDm9,Mrs. GREEN APPLE,artist
71hQB5jxdNiHk5gzZRhicQ,Sonoko Inoue,artist
7HwzlRPa9Ad0I8rK0FPzzK,SEKAI NO OWARI,artist
38WbKH6oKAZskBhqDFA8Uj,ZUTOMAYO,artist
4UK2Lzi6fBfUi9rpDt6cik,ヨルシカ,artist
1t17z3vfuc82cxSDMrvryJ,Macaroni Empitsu,artist
32QmJ5obSke8YKDbQvVPUx,Eito,artist
1dKdetem2xEmjgvyymzytS,Grupo Firme,artist
66ihevNkSYNzRAl44dx6jJ,Carin Leon,artist
0my6Pg4I28dVcZLSpAkqhv,El Fantasma,artist
25UNJbwGZSQKvz5cPLWlv3,Los Dos Carnales,artist
3hTffafUYLLgO4yuPAxb5U,Lenin Ramírez,artist
2C6i0I5RiGzDKN9IAF8reh,Banda MS de Sergio Lizárraga,artist
3abT87tqQ4Q5PA5nw6CYyH,Ángela Aguilar,artist
6i3DxIlAqnDkwELLw4aVrx,Lele Pons,artist
1W7FNibLa0O0b572tB2w7t,Pink Sweat$,artist
3gIRvgZssIb9aiirIg0nI3,Jeremy Zucker,artist
5JMLG56F1X5mFmWNmS0iAp,Chelsea Cutler,artist
20DZAfCuP1TKZl5KcY7z3Q,SLANDER,artist
6d0ZjIp5L7Ygy2l02HskRX,Dylan Matthew,artist
5fEQLwq1BWWQNR8GzhOIvi,Eric Chou,artist
2vnB6tuQMaQpORiRdvXF9H,Beach Bunny,artist
1SZdTuxme3mOk0D9pUFrET,En,artist
2elBjNSdBE2Y3f0j1mjrql,Jay Chou,artist
6H93wOohK6r1MwGh41Z4Nb,阿信,artist
4Uc8Dsxct0oMqx0P6i60ea,Conan Gray,artist
4IWBUUAFIplrNtaOHcJPRM,James Arthur,artist
2NJLAUSe3Ifk9MiHbddRAi,大籽,artist
7t5H3uQv0Zw6cQUnSTF5BB,Brave Girls,artist
01XYiBYaoMJcNhPokrg0l0,STAYC,artist
2hRQKC0gqlZGPrmUKbcchR,SHINee,artist
0ebNdVaOfp6N0oZ1guIxM8,SUGA,artist
7IEhlwWQA7pCkEvzwwHehE,ASH ISLAND,artist
3eCd0TZrBPm2n9cDG6yWfF,DEAN,artist
26VFTg2z8YR0cCuwLzESi2,Halsey,artist
0BqRGrwqndrtNkojXiqIzL,Whee In,artist
4ufh0WuMZh6y4Dmdnklvdl,BAEKHYUN,artist
0FRUZvZNPzM3YJMABJxf2K,WENDY,artist
5F1aAS1duwlzExnPs3l2Xe,Pooh Shiesty,artist
3hcs9uc56yIGFCSy9leWe7,Lil Durk,artist
45TgXXqMDdF8BkjA83OM7z,Rod Wave,artist
3Y2MLcrD3ZQXRXmtn4fZQx,SpotemGottem,artist
3YQKmKGau1PzlVlkL1iodx,Twenty One Pilots,artist
45gHcnDnMC15sgx3VL7ROG,42 Dugg,artist
3Oa0mJQWQrUOqJ8fcLuu7l,DBN Gogo,artist
19qLtUQKu1KK3UrQtIoVXF,Blaqnick,artist
2YaMctZMRwW4wYlkvwLKA9,MasterBlaq,artist
14MDqT8L01RPVlJc0BqLLA,Mpura,artist
0WY9mEje7cFCoFiEM61QxK,Ama Avenger,artist
2ZGKeAifXevdflBY7kWnyL,M.J,artist
414pDI8Y502owCbg7U6Skf,Musa Keys,artist
4QkKUb73NVonTlAZaShsuY,Sir Trill,artist
3qo2q05gFa09MXrEZltr7q,Nobantu Vilakazi,artist
1w2P5nNsO5W7FYq2Oui0cM,De Mthuda,artist
25uuaH9QdKIygoWTDzKuve,Da Muziqal Chef,artist
2TcrjcSngRPpgZxmIlPdym,Busta 929,artist
7ewc3ni3IAtqLygEnDi66K,Zuma,artist
1nVEvn7RMNxj27rn0WE13E,Mr JazziQ,artist
1eQJUHJRurFXGd3j8i8W4x,Lady Du,artist
6ucYQLJMMVyN1nO4GebaV2,Reece Madlisa,artist
1bNjWBFWsAAzZSR59lRdpR,Kabza De Small,artist
6fHE8xZBCxzwer9DIbOmv4,Boohle,artist
3ciriYzsPraVHAuNLA1ylh,Dj Obza,artist
6Z5VQ8F6nxj5FzwYjeNC4h,Nkosazana,artist
2eg1CxsZjnfjNO1O2LDk8X,DJ Freetz,artist
2J1TbsWFTYT0LHNSX897xS,Kwiish SA,artist
7MKSufJrPmpqpg2mVWJET1,Njelic,artist
25IVkspnS4ZKKxGVyOgVnK,MalumNator,artist
1Xsc9W40JwWXHxlsym2Vpn,Miano,artist
5803cw4KZi2vLtcKxRJV8F,20ty Soundz,artist
7hdf9DSpgCpqVh03Ql1LKe,Blaq Diamond,artist
3sznqsdJNWJ0pz21q6kTrQ,Seekay,artist
71lldVkx3POgVXXTe5Pqoa,Junior De Rocka,artist
41uk6Pr8mGHGkxK79hgF9X,Mellow,artist
3RUkVCv0E5vkTbR2g4NmEz,Sleazy,artist
1roTzbKGDx7ZFBA5oibNPW,9umba,artist
6U3gCOvxVWKBxXItqp3mdr,Emtee,artist
0MIG6gMcQTSvFbKvUwK0id,Mata,artist
56VhOZOF6hwqrbNYwkmcsH,Sobel,artist
2F9grKyrjes3vaNiPIvyWg,Piotrek Lewandowski,artist
0TMvoNR0AIJV138mHY6jdE,sanah,artist
5XGkLMcwitYFdwroktQs7o,Vito Bambino,artist
1oxn6cQ37twQ7yGnlE3ETd,Oki,artist
1yq2JzsqbzFbJ1B7wGOXLc,Young Igi,artist
4zvO09rVUIVTeALhs6xLoB,Otsochodzi,artist
5VnJPtvfHh4fPlHDzXjvLP,OIO,artist
4rneSQYWhgIT9pMX2NwpeM,Ekipa,artist
3Mnrb43jb3hiASpyCvaZpy,Qry,artist
7uWyXPJ04ihdQdYGGw3xVV,Guzior,artist
0iBTVnJ1Sff92zCDujfvyJ,Young Leosia,artist
154o9Wi0JpSDbYQPMtmpd5,Wiatr,artist
6cAstWrYVb1BxHyRQJJskF,be vis,artist
6QfFTZJHFSe9Xyes6DkAli,Reto,artist
7BIHYaTeyOxOKV7EyHF0Z4,Oskar83,artist
0tdKRrbItnLj40yUFi23jx,Daria Zawiałow,artist
6EB8VE9f7Ut6NOgviN6gDW,Dawid Podsiadło,artist
3OFZwEYEAKMEmUheZ8TKso,Magiera,artist
44FnIf8PhG6EQRIoENsXu3,Janusz Walczuk,artist
2LI7lXaNJU420lffFWJUcT,Pedro,artist
1fZAAHNWdSM5gqbi9o5iEA,Chivas,artist
4nPxrGG7k7aEKmNLsfX4cd,White 2115,artist
0QR764k0D36npmTMWx5bft,Żabson,artist
2IHoZ3RrDJIikMRsYgHjhy,Kizo,artist
0x4xJCGDyTlKr47RF2WXzu,Trill Pem,artist
0WDJa0qnagyOnMaiD26wht,Kubi Producent,artist
1fxbULcd6ryMNc1usHoP0R,Quebonafide,artist
6NUBt2nj5uT4iLLTIMRxra,Duit,artist
7v49oVVUhvIQG5EK0jkcF7,PRO8L3M,artist
2GzZAv52VCMdVli7QzkteT,Kaz Bałagane,artist
0Wi2fADbhwXlPUWxBmzo99,Szpaku,artist
79b4a4Bg30Y0RlO5de5jni,Alberto,artist
4nRJJWVfbPAULHZl7VYVE8,OLEK,artist
0wOt8jeUJ5usZySUWYa1KZ,Wyguś,artist
5beSF8YlCK4dml6zRZOHN7,Szczepan,artist
6cCUtZn3jxdqnDiOiUXHzI,Adam,artist
34Atpk8kle8mndOUwKblhK,Lucassi,artist
3B6UKFIsDwnJUKlJp7qQyU,Hodak,artist
0awWNjR5qmSZsQVFAo2NsR,2K,artist
3gm9b6AeMf2eGQTLashkDt,Deemz,artist
6MlVGjgieHwMJCPBjU41dN,Maciej Musiałowski,artist
1HX9uYVwH6HHGyE8xSgtUD,Julia Wieniawa,artist
53UpeT3katrOaJmhSiRp2a,@atutowy,artist
4iHE8t7vhPwUX0TrF4cETN,Maro Music,artist
4CrDEHL7ysNabeYvL3xjUX,Skytech,artist
3U5Oag04Yl2WnvPULOlsMD,Kukon,artist
1Kjs5u8GQf6zCFdTj6SI9E,Malik Montana,artist
4Q3xLVaD2uBZGVxmCYuSkt,Kabe,artist
001oyhl94fb7YKL6fVqHOo,Opiat,artist
73B9bjqS2Z5KLXNGqXf64m,Weeekly,artist
5CiGnKThu5ctn9pBxv7DGa,benny blanco,artist
5PCDJjJ5dx6Py83CvfvRIO,Naim Daniel,artist
0J1gUosYaFbrSG6FkbE4c7,Haqiem Rusli,artist
2jnIB6XdLvnJUeNTy5A0J2,Why Don't We,artist
2UHBgxDvOBaIY7hQ8CEAmW,Anneth,artist
1tM4ox3QsSpl3R2VwLjJ47,Larissa Lambert,artist
48FNCGA8dKjcsfTO3TMcAV,Aina Abdul,artist
3l0CmX0FuQjFxr8SK7Vqag,Clairo,artist
4a6rcjvQs6YOwK5sVlybKV,Kaka Azraff,artist
3O7w6MOsgE4B0oAUcE9RlE,Noki,artist
63PZAg9EDmsVpftrqz1uih,LOCA B,artist
2LRoIwlKmHjgvigdNGBHNo,Feid,artist
51XrH5fQP2oIQynuKxSWcW,Sky Rompiendo,artist
0SSbTivuMrvdqgCt7ln6jD,ICON,artist
7f02bxFbZIOVdSbYRNYvLT,Jerry Di,artist
7Ap8xCd7d0xon5XnkLvn4i,KIDD,artist
3pJK3CUpbnyX7ogDfAwa9J,Tessa,artist
0BecZI4vqLoN178y3f16XJ,RH,artist
1YwMnnHvnG64fJxYSVwmN6,Branco,artist
2eBqkaIfoNsOPCQCQEy5fD,Benny Jamz,artist
2KbikmQKGiUPR2ARs1h0sq,Gilli,artist
2d7AMvzFwh5wUTuqQl3BAE,KESI,artist
2X22Hm97hQA8mFjSrn2foA,B.O.C,artist
3RYYha3CC7js2PHbcBHewt,ICEKIID,artist
03WNJB1zKyqW8DimkHP4Bg,NODE,artist
5SwsSD9zyWaWeVyK9qIW9l,Lord Siva,artist
6a3WaWgxrVmNIvaiTCI0Kk,Artigeardit,artist
323gjVOWgnKGW3VuT8VKTx,Skinz,artist
7wy9Plp8SD5l3LDuJubTcv,Jimilian,artist
6idjJt47PjFydVRrAlNw4C,Hans Philip,artist
3zDRCqOhJXJfS2YWOEwGMC,Christopher,artist
7wrulS1dfanckBnoxxEuS6,Scarlet Pleasure,artist
4ysmSq2N7badobfVT6YZ82,Gobs,artist
4uvOZHqwKYuWz1ywTBN5En,ZK,artist
25u4wHJWxCA9vO0CzxAbK7,Lukas Graham,artist
0i7DYzkG8u0ScquFnDUuvT,Cheff Records,artist
4nXezpatStChCEWVvYLjd5,TopGunn,artist
6l2TcYHKMr6XQn5hxfD48E,Klumben,artist
36mHwYa65L0WZbAXY2iSGw,ELOQ,artist
2hyMuTjcOQsuC1QV0paUBA,Drew Sycamore,artist
7EJcUkbBsR4kN822bEa0ZS,Jamaika,artist
3tNPDodRNuLdezJnTsYOqy,Dree Low,artist
7EuzcvdfScUqksgKfyN7J0,Fyr Og Flamme,artist
6Ip8FS7vWT1uKkJSweANQK,Dave,artist
5SHxzwjek1Pipl1Yk11UHv,Tom Grennan,artist
1WO1hFAkFbeo9tV3uVX7Dy,A1 x J1,artist
5VadK1havLhK1OpKYsXv9y,D-Block Europe,artist
1zNqDE7qDGCsyzJwohVaoX,Anne-Marie,artist
1nzgtKYFckznkcVMR3Gg4z,KSI,artist
5fyDppLDl1juIu1BcUT5zh,Digital Farm Animals,artist
3GxKJzJK4LpsYGXQrw77wz,Mimi Webb,artist
5H4yInM5zmHqpKIoMNAx4r,Central Cee,artist
6YCM9JwkqdEFQSzztmh4Kb,Navos,artist
7nDsS0l5ZAzMedVRKPP8F1,Ella Henderson,artist
2gIHyzlzKxntjQWf8xAGaI,Kamal.,artist
6Ad91Jof8Niiw0lGLLi3NW,YUNGBLUD,artist
2s7Oijd4mFGgEkhYJtf3sJ,Shane Codd,artist
0C0XlULifJtAgn6ZNCW2eu,The Killers,artist
6QMABvTzixnxzsLYyhqRxI,Majestic,artist
54R6Y0I7jGUCveDTtI21nb,Boney M.,artist
1AM52XHXnWAEqnQwpxTLWm,EDIS,artist
51DevdOxIJin6DB1FXJpD1,UZI,artist
5FqTuN42w2zGw4Pzd50yaS,Reckol,artist
6CPZWzcKiOKkHn4L2XI4i2,cakal,artist
6LnJKrtFnTEGdbWQ2riWCL,Ezhel,artist
2aZlYOswKNlrwqpuTsckKd,Madrigal,artist
0L3wrFI3QcbXAvFL7IaPQX,Güneş,artist
50z4meqYMvVCXEv2jDneDN,Tuğçe Kandemir,artist
03cvjFEHz8eGwYHq1L0Pp2,Kaan Boşnak,artist
2h1EEQ0lD01lPKDRGisvL4,Tuğkan,artist
3tJELJoPZ4VTKmL0vppqLj,Contra,artist
1qZ684TB9E1BjH58btdtYd,Buray,artist
23Q5T7JtqekFJMbC0XKxnh,Diyar Pala,artist
2y1VzMKAa5nmfXKtJL9jnj,Murda,artist
5wyWp867LWGjFmYZXVSFnZ,MERO,artist
3WKZeiNOV5dnANlQnjL95B,Irmak Arıcı,artist
0w92tV1EQp7sxly7UjGR4P,Evdeki Saat,artist
15AZJFNrXtIN4Nk8BIOnS2,Batuflex,artist
6h5P3J0j1x2lhiDk9w4deZ,Eypio,artist
1Fg19vpUJpAAPFjnKaVYVW,Reynmen,artist
4Bdqzh78prwuqwInMb555P,Pinhani,artist
4hjJDrv2KkIEW1AslTEtv3,İkilem,artist
1lMEWvvUlwzQ5OKB4w1HTn,Perdenin Ardındakiler,artist
7k6KVFItaU7pcBvL6poIi9,Mark Eliyahu,artist
1nFJWl30l3PAHei86OxN0i,Oğuzhan Koç,artist
5LUxu287CsPM7jy3yS3l86,Şanışer,artist
6q1sTU51oryTTcWTPTd0VC,BEGE,artist
1zofEGCCvRwAdhetK573gb,emir taha,artist
5JJc8is4VzgOz8ZanDj18J,Arem Ozguc,artist
4xklx5DAtVru5uf3vSXTgf,Arman Aydin,artist
2boacFGRX1WIo7NFS8B0F2,Gazapizm,artist
4Vr0nv4nM4aqWfj76zDTTp,Yaşlı Amca,artist
7BJjzi0JHyDHAsmVe21dGa,Serdar Ortaç,artist
7zVYyYhGZxvPHPuhzReYHP,Ziynet Sali,artist
2r8iLFeSTuOiZualHmSXxS,Patron,artist
1eQzZsJAtBVhN9WP62oXM2,Xir,artist
6SuvCvIgTchPW2bcuXSKzM,Kerimcan Durmaz,artist
5G3OUmDl3R4rEn9zSWZTpw,Lia Shine,artist
20mkFP4AY47MtOJ39fP0bX,Ege Can Sal,artist
6iBdV6h17D1kOnK9lFyWo3,Bilal Sonses,artist
4StjyzjcmZ7a9QncHVf0pu,Simge,artist
0wCKNMsqYasJBFVagjay49,Hadise,artist
0T49oz78JYl4FkVJPGlJiD,Gama WNTD,artist
4p2ytjUztJseG5ujVkv5Po,FRANKIEONTHEGUITAR,artist
7crp1tZcefnjT5RuL6WZQ0,Slow J,artist
1pPbDeOdNUcLq32HTTLbZm,Ivandro,artist
2swvbEAfN70ZFcQB4Y7MaS,Richie Campbell,artist
6XjHGcba7ZbaZ6nYtwhaCj,Gson,artist
7BcPoZhXI08icbiq1mpxFx,Domingues,artist
6PIIKavZx20FlVKyIvb4Um,Calema,artist
0kjGPGtoyKwKVOZAKmv5K6,Giulia Be,artist
3qvcCP2J0fWi0m0uQDUf6r,Luan Santana,artist
0Dx6HmR7Rhi8G1osUOxAew,Yuri NR5,artist
39HJXjH5hKcCzaU0g6mv8G,Plutónio,artist
5jfz7uWPwf03hdEewW8AI8,Wet Bed Gang,artist
0DxsiYPUEWLY4HjaUDM8Lk,Rony Fuego,artist
6QHREBOQktWsYBfrxW93rk,T-Rex,artist
3aBiDlzy0xIlHfbHAWYton,CA$HANOVA BULHAR,artist
721o1Z0J6jQupyzLt9RnEk,Yzomandias,artist
4cG43cUBRJWWDsRh4SW48i,Viktor Sheen,artist
6gvVFtkTV4OCyQSCzGgU1h,Nik Tendo,artist
1JdsdDwTcng1Iw8IYEw4Ko,Vercetti CG,artist
0ql0Aw24KJaMeOVlwadzFE,fiedlerski,artist
1bpca6RQE5kp92pIwPMBE8,Ben Cristovao,artist
2A3rmRL2kja5NoroAGdZPb,STEIN27,artist
5lEkQtWa3UKlI1hj7sktcd,Calin,artist
2AHugDX8XYbm2SNxbvptQW,Hasan,artist
5m2pDQbSRuWbxRR1FUcHle,Mirai,artist
4b19vuzlDcNdU4quI7L6sW,ElyOtto,artist
145RezaSLWGxp3SLnAcHPr,Earth,artist
4V1v1oFnKe0b42lZh1QBnF,Ektor,artist
4JTacmomOV6ZmeAVHMkFOq,Koky,artist
062AuVsQPIt8pXzbENjI9p,Kamil Hoffmann,artist
28oxY7ZfDt1BJFf8FVfpEh,Robin Zoot,artist
4JdXITm8I9qIaSbFlBoOKi,Jickson,artist
2G3moO7hc1jXWYKkW5ZYw4,Dimzy,artist
6kRMQTBxSFnwDQcbIbkwxj,67 Sj,artist
0ZDbrXYXNaO94VjgXjdFh7,Wohnout,artist
2iI5KWXLjw1tqLQsdjuo0e,Chael Produciendo,artist
1tfhFc2Y8iplDKCteuXjCY,El Cherry Scom,artist
7ur9H6w9OqIgWrmM2GUWuB,Axel Rulay,artist
0dxkgaBNqak7UBqLB1sZrQ,Verbo Flow,artist
39f7LHKJFK3HoxHZqrq9Lb,Rochy El Jefe,artist
6NAhbfEqeWELwfjH391Vz0,Bulova,artist
1PrPa8zf5xW14VSJRgrCE4,PV Aparataje,artist
4yxglAiH5h8Db7TmN0MUr5,Ghetto,artist
1AACxWCwNIa3ecOBQJnXRV,Nino Freestyle,artist
1pf0MPKfKdvS8J779mS1Ay,Miky Woodz,artist
37UACiDcdzEYii0iU0QpAf,"Secreto ""El Famoso Biberon""",artist
2p4aN0Uxkk3iT3HK0cJ2cJ,Tokischa,artist
4xe6s55EDjpRpyZsrFoiWh,Haraca Kiko,artist
39FKVjqhZLz4E1iG77d5AO,Dowba Montana,artist
1GKIlPFdcewHtpDVCQ8zmJ,Brray,artist
3Wb38LDP3N4tkobValgE9D,Juanka,artist
6HqgxkTt9KGyt27zYrwVan,Super Yei,artist
6wcKDqJRY3TzbcdRKo6EiE,Jone Quest,artist
71FfEgML4GAokNHmW1GKPF,Sammy,artist
11YLRSsZA3YVuQQtHXKTlz,Rafa Pabön,artist
2rdUWyphqOltYR6zPaMPrU,Liis Lemsalu,artist
4PLGCdwxxGsxNXX7G7Spug,STEFAN,artist
2cNMMulo6S2a0tHrwX2s6i,Nublu,artist
79Pc4RR5E625J7dK543jDw,Mikael Gabriel,artist
5nZADoZFWVB90dHpk5zvXy,Villemdrillem,artist
0MjPNmazpZOmBH1nOMaeQY,boipepperoni,artist
5LWs2DNQhJXiG6X2o4XUpQ,gameboy tetris,artist
6Z3GmozKVgFxFcP2Qzp0Fp,Raul Ojamaa,artist
7j6Zzcpz7gTNPh69USgO8C,Jüri Pootsmann,artist
6acByqWJeuaM0TX5VoY6an,5MIINUST,artist
2MLT9mFQ7sikVVqUx0tPry,Hendrik Sal-Saller,artist
44XzG6GoJZNtkIGW19hsUK,Tommy Cash,artist
1VPmR4DJC1PlOtd0IADAO0,$uicideboy$,artist
5fMUXHkw8R8eOP2RNVYEZX,Diplo,artist
3lpAVEsShIfqY7OTfkzA43,Buck Fuddi,artist
3gDHpjemovd3LuV3tHgjOq,Smilers,artist
0iWCupAJreesWuLo9wkpXt,10AGE,artist
1LxWE4LOhnqeaAx2tVUK6p,Saske,artist
6YYOTK6Qyv6PuFipPxCCoe,Rack,artist
7KcIok6StqYSedgtjmtsqP,Beyond,artist
6WzxopGY3sy97IeNFaDELc,Trannos,artist
3KcZf8BFeFBtnGyOZmUggd,Mad Clip,artist
0IFfGEYUge1S0WGqCZmFrM,IAMSTRONG,artist
0WxSlQlue0fq99fXfGBmxA,Fy,artist
6wN4QyhoM6fN49kEB25rnl,SNIK,artist
1UdbiTrv73Dp7F0s3OHmn2,Light,artist
0vUcZVCNG7i5OV0zb8Icfw,Hawk,artist
6nidPawoE1wPgAtFmeyXyR,Ortiz,artist
0fxvzvlu3VQV3wDIhAxBmn,DJ Stephan,artist
0cy6ZMOTeautXRNJsR6PiV,Ivan Greko,artist
7BXe1v4YJm7R5wg2ioeA1q,Dirty Harry,artist
48h12D3cJbqfn1ReVL9qbw,Strat,artist
5qDpS8QhKjNRZ6aRrcpY1Z,BeTaf Beats,artist
4YiKEuOS5GwMujJMkIPGFN,RICTA,artist
7bg4UOzqHiULOABzTycGyX,Immune,artist
0OFppp8Z3TaehuqGoC6BD1,Savv,artist
0ydmHwy5hFIaJEoZWWcKxC,Sapranov,artist
0JDrljGBQpzIKFIcZ4R1H4,Dani Gambino,artist
5VzicjuhIv0IwMz15hEORa,VLOSPA,artist
2CeSpJpSDU42CUgPdGfyo0,Thug Slime,artist
1zeAbUJAbLOWeYpgRVnYmu,FLY LO,artist
1WNkrtDTdQ5izZf5L372i9,Mikros Kleftis,artist
4lpfvtAHLELZcezTOUHiQX,DJ.Silence,artist
0MyAm8pgx6zC6FGXUHHoUj,Dj The Boy,artist
09admC8JPSuizanrDUzWtd,GAMEBOY,artist
48pDK4NOqLtJxn5AAKVUra,YT,artist
45FQfgBXKsdtElNqmKeJTC,Mef,artist
7zYmrye7LvmpMkfHWrENu9,Mike G,artist
3RDALl5RyRDHPryF1uyWwG,T. Danny,artist
2cFK15y135mg47RIgsS43E,Curtis,artist
6EIriUxo7vznEgJtTDlXpq,Azahriah,artist
5NydObjtRsTiElOzm5vmgs,DESH,artist
474u1cnCRF41ym7ZNBddcc,Nemazalány,artist
36iInicUixdGClV7bnMvTW,Sofi,artist
1q7g5SBAxtjizS3Vcof6Y6,Carson Coma,artist
7ACEUD7UsmmXrnj4OLt8f9,twocolors,artist
3PMRY3PR5xAe5UpRfPPuaG,Dzsúdló,artist
0CJxR2iBZb64SRwApcj2Ev,Lil Frakk,artist
0Hir00e5sSBEH8WqOmvi8h,Halott Pénz,artist
4vQW9JcctfeFaBjmGPr8h0,DR BRS,artist
0Cw3CfY5WSyltweEK71keH,Berkes Olivér,artist
1UIPahyz7pEKaU6RQvU3FC,Follow The Flow,artist
6ZB6TzkB1xiqswUHbvMzvm,Varázslatos Magyarország,artist
1O4dvMoyQSIClCii6DSai8,Manuel,artist
1vpC76RZf9ndFkOEB7agn9,Bagossy Brothers Company,artist
0MtTfq27LQu7CmE5t308Up,Bubbi Morthens,artist
6opz1Ax3VqCmeQBGax1erx,BRÍET,artist
2mgonCuv2QEZZbPOatCbyu,Jón Jónsson,artist
1FvIWbYLm8dBezbdjucrZb,GDRN,artist
7FRQP6Ivwv3DQCLxpR3I6Z,Birnir,artist
4YnmlfVdziLiqFQtQ4zTcq,Páll Óskar,artist
5TTXO1acO5ZuuUCsZ0MXJl,RAKEL,artist
6cC3KmZOI4EG7a94PtKEYb,JóiPé,artist
2FfS4tGbyODPI92Baw7Ys8,CeaseTone,artist
0hHSuSCpKFLU5twpJNTO3t,Friðrik Dór,artist
2ot1BrqrtRXWOgvlv4PxLl,Bassi Maraj,artist
21SqAOtuXFpwygK1GNxjTm,Auður,artist
3hvKmeo12OU7ai8Mpgraf7,Floni,artist
3Hb64DQZIhDCgyHKrzBXOL,Daði Freyr,artist
7jdFEYD2LTYjfwxOdlVjmc,KALEO,artist
1tNJibl39hvCIVSnGaiwx5,Hafdís Huld,artist
2OsysEFABxUiubXfbfmrWF,Unnsteinn,artist
4ynaUZA4BVF6d2XaNuflVz,Ingi Bauer,artist
1tqysapcCh1lWEAc9dIFpa,Jubin Nautiyal,artist
4f7KfxeHq9BiylGmyXepGt,Tanishk Bagchi,artist
5HcunTidTUrOaf8V0iJcvl,Nusrat Fateh Ali Khan,artist
44oMI9xI4kcCub3qbpYPdb,Emraan Hashmi,artist
6LEG9Ld1aLImEFEVHdWNSB,AP Dhillon,artist
4vvW590Gq8dNWsP5BM9FkS,Gminxr,artist
5DHi2MeoRgAwPE0A0qwRMl,Gurinder Gill,artist
6aQfrWHwAcuY8IYItbChZh,Shinda Kahlon,artist
56SjZARoEvag3RoKWIb16j,B Praak,artist
1qcVHIPfwFFc0gMnAxG9I1,Nawazuddin Siddiqui,artist
7AKO4PWJ6ToZVUfA5xmsIY,Sunanda Sharma,artist
5NHm4TU5Twz7owibYxJfFU,King,artist
1mBydYMVBECdDmMfE2sEUO,Sachin-Jigar,artist
15UQcr22jcc6DJjy3sLv3J,Rashmeet Kaur,artist
6SZBqn91m2QZDcbzmHUFPP,Shamur,artist
7pauOFC9bRqioSX30AvNkG,IP Singh,artist
3gBKY0y3dFFVRqicLnVZYz,Alka Yagnik,artist
4YRxDV8wJFPHPTeXepOstw,Arijit Singh,artist
1wRPtKGflJrBx9BmLsSwlU,Pritam,artist
1UAzmnFgjizIDvtHvnCdEq,Stebin Ben,artist
7BTWFChvstLB6ZCvuiUaZV,Nilesh Ahuja,artist
0m3D4grap8VFSzbJMqgNVk,Kumaar,artist
4IJczjB0fJ04gs4uvP0Fli,Gym Class Heroes,artist
4bYPcJP5jwMhSivRcqie2n,Adam Levine,artist
77YvCBWe0tTLygpgSJsdOH,Dhee,artist
7rVV9d6vc4FLT752uRuk71,Arivu,artist
5FVBduYaeVBb6JIghza7v6,Santhosh Narayanan,artist
28kGdf2ant8i73Fab2F7xq,Amantej Hundal,artist
6DARBhWbfcS9E4yJzcliqQ,Karan Aujla,artist
72beYOeW2sb2yfcS4JsRvb,Ritviz,artist
09UmIX92EUH9hAK4bxvHx6,Mithoon,artist
4eB5clMaoi0cCRnCwLkkiS,Harnoor,artist
63yrD80RY3RNEM2YDpUpO8,Melanie Martinez,artist
6qqNVTkY8uBg9cP3Jd7DAH,Billie Eilish,artist
7n2wHs1TKAczGzO7Dd2rGr,Shawn Mendes,artist
4nDoRrQiYLoBzwC5BhVJzF,Camila Cabello,artist
4zCH9qm4R2DADamUHMCa6O,Anirudh Ravichander,artist
1GH0DojDQJeEKQ4BDMShAL,Gana Balachandar,artist
7uIbLdzzSEqnX0Pkrb56cR,Yo Yo Honey Singh,artist
5f4QpKfy7ptCHwTqspnSJI,Neha Kakkar,artist
1UhspKnJSXSz6I0pFtZhuy,Nushrratt Bharuccha,artist
1ZChN8G1Y7CJ0TXbrvblwS,Asim Azhar,artist
7xyGjFQhwVUrjYeGTzehMG,Zenab Fatimah Sultan,artist
1pDF5UltcypyatITA3Pduo,Mangli,artist
7IlRNXHjoOCgEAWN5qYksg,Aya Nakamura,artist
4A2XSc4OJjuPY4l6NjnrDj,Ram Miriyala,artist
5FOhBMFQo0pDhvISlFmxdi,Radhan,artist
1Oh5bPXjw5jreVFhKc4jux,Kaka,artist
5IH6FPUwQTxPSXurCrcIov,Alec Benjamin,artist
1mYsTxnqsietFxj1OgoGbG,A.R. Rahman,artist
4W91bbPB2CTSsHwt7eqNl7,Javed Ali,artist
19LIHDDSHBD5NyYHI3gpzB,Shilpa Rao,artist
2sN4fSzAm2rAL0HIurPCEM,Maninder Buttar,artist
1sVmXkzX2ukc6QvasrDBES,Asees Kaur,artist
37nRatUj06EqzpTJNpMuRc,Mix Singh,artist
1vCWHaC5f2uS3yhpwWbIA6,Avicii,artist
7d86ERlvO5UG44j7Va0Y0C,Pamungkas,artist
4nd1IvFkUoQinjvYdUmOBI,GANGGA,artist
20zafXaLhm5IcXnSU93rNn,Nadin Amizah,artist
6Ifk2cbxyVzT41jLexYCas,Budi Doremi,artist
5fS7aONqrIhiw6YzgKVOsd,Judika,artist
3f0GZTXzBCmd5IBiMfsh1H,Skinnyfabs,artist
3TkSKriI4EZmTxSFyzs0fd,Ardhito Pramono,artist
2wGBQNmrYOrruN58zNdSuH,Aurélie,artist
4YXNoMVTHRt01jYaKXTumJ,Raiden,artist
6jV25rzTKQ2zMgrqHha1V5,CHANYEOL,artist
7cVZApDoQZpS447nHTsNqu,LeeHi,artist
3hvinNZRzTLoREmqFiKr1b,CHANGMO,artist
3tMTXQyRrPmMyHv5SoC0TV,Juicy Luicy,artist
3IvlMYb5AvKRfNt7vR8PNP,Dere,artist
4Z9pg3LzMfuuSgl3hMDYuG,Diskoria,artist
3Wf4i7kB01QI2wQlEgxKFm,Laleilmanino,artist
0D0AtqH4LxV9AkcdMqKkLY,Eva Celia,artist
28DdkLhrzQNizZ0ExQpyku,Rizky Febian,artist
3AVfmawzu83sp94QW7CEGm,Astrid S,artist
2kxP07DLgs4xlWz8YHlvfh,NIKI,artist
7eKNo6fozgNsKThGC40ol7,Khifnu,artist
51kyrUsAVqUBcoDEMFkX12,Hindia,artist
0kPb52ySN2k9P6wEZPTUzm,Tiara Andini,artist
5ghnxpW47ojtLHHyTLdxdY,Witt Lowry,artist
0azPQZGt11gedg5Le9hjC2,Amigdala,artist
0MeOKtKKNYUBM075fR930L,Sunjae,artist
3e7awlrlDSwF3iM0WBjGMp,Little Mix,artist
6uQl3gu1AIXyvqCAxnc2q4,Eden Hason,artist
3cDi1D2FHMVgljfdB1QVgr,Jasmin Moallem,artist
7hD6dkjWHapWVwkI6bjDFo,Ran Danker,artist
1wak0ZG1LUrZPYx8RDTQoD,Noa Kirel,artist
1IAEef07H0fd9aA8aUHUlL,Omer Adam,artist
5p205uKfxztlzI3oD15AKf,Raviv Kaner,artist
6Kwkb16geAot0de45IW9Ox,Idan Amedi,artist
5VwCIS8jdx9ZHjApLFNrTZ,Noga Erez,artist
6jUAxR5KFMX2hcKKFebeL4,Shaylee Atary,artist
54jZWpivOTllo1afYNSx5U,Eyal Golan,artist
2CzKRJPoPZmRDAfTh8Hh1J,Shlomo Gronich,artist
0urEonXMEzc3F5BX7PXTuk,Shlomo Ydov,artist
6m6sG9LbCntHv6lZ4nAubC,Shem-Tov Levy Ensemble,artist
3VTm1513t2LL1mSKzzyQuj,Ishay Ribo,artist
3ObnkOSF8KZ9405ZPJtwbB,Eviatar Banai,artist
3JPKPnzWJGjccn8SnjwA5i,Agam Buhbut,artist
4iWsyISSQEYGxdqBNVwqtA,Yuval Dayan,artist
343YYaA5MSjiZZ5cGyTr4u,Hanan Ben Ari,artist
57PnQxsNvOvG2ZDElDEUjW,Idan Rafael Haviv,artist
110wHDAsaXDaKKdUztwGlE,Lehakat Heyl Hayam,artist
7hzAtM9sug5TCxGUIR7by3,Doli & Penn,artist
4XRymSxqMfKCkA6njs39lM,Shekel,artist
0xHa28taiElkcQf9o3z76g,Static & Ben El,artist
6UReeaqNcjIfzIH13kTHKE,Amir Ve Ben,artist
2a76fsDcTl6A43zwaFNPr4,Jane Bordeaux,artist
5CXvT1JutlWVLJN8YEOf1h,Nathan Goshen,artist
2eUKkTNZsIuZzV95DM0cbt,Eden Ben Zaken,artist
5UbgVjyCkpIMOzQuOI4DOW,Chava Alberstein,artist
6ltKIf1bortd0DQbpgKdQu,Jimbo J,artist
2JQK9mzxqKz16lSgICHDTx,Ravid Plotnik,artist
08v1r0jqDyvSo2LtSqHxcy,Reo Cragun,artist
0B0XXiGxIzdpQAvf3otjUb,ROUSSO,artist
1L8QE7iUTf9330wcKxnieK,Ivri Lider,artist
26lUUiDmS9zj1LOOCkZUiS,Peled,artist
0wVxjQGYkyNh5qQsVCZWlo,Ella Lee,artist
55jryyk7RhvMbrvoF0ndBh,SLAVA MARLOW,artist
0hmUwzWBrPHpGWGrYH05c3,Miyagi & Andy Panda,artist
52SusfPq6EW5PgrjUqMHSy,Prāta Vētra,artist
3DjJiiOy3bJ9JFn81mxbWS,Dons,artist
1G4EpdOVG07CIlZY8hz59F,Intars Busulis,artist
1fLIzbK5e8MGrLKj1dEMsg,DJ Smash,artist
0XNKQFs2Ewb3y0VsFUFc5l,MORGENSHTERN,artist
3X4o7qy1ci4qtCVg2AtuXb,Singapūras Satīns,artist
6l3HvQ5sa6mXTsMTB19rO5,J. Cole,artist
3E31HqA00iCX9nRhesw6LD,Snelle,artist
5vmwWgrlwCfHm1P0vdDFbU,Maan,artist
77IW5ZK1smDQYYKDCQugXh,Suzan & Freek,artist
5wV3FoaNbDB6X9INuQvs1K,Bilal Wahib,artist
5eir5zFJpES4j7gsymbVyl,Ronnie Flex,artist
50o63K3IrY47g46E8R071Y,Thomas Acda,artist
1HFg9B0Jvwqzqiuqg9cASk,Paul de Munnik,artist
6kBlEsdNeNW2qnmW56xDhx,Typhoon,artist
0IxgA9wO4Op3CSnPlhfwV1,Kevin,artist
3AlRiyjMywTVNzTcHbf9QT,Lil Kleine,artist
2ylIKKdMukkuprCgY4ZDFE,Donnie,artist
3VVxpV5qfkhLkLZjXB274t,Frans Duijts,artist
3R6VoMjUANEP9wb7fRNXws,Rolf Sanchez,artist
4iCzh7b2cLbHVsPOwhr8W0,JoeyAK,artist
2WBJQGf1bT1kxuoqziH5g4,Purple Disco Machine,artist
4FrXHrpbDLNyO3pbVv8RmF,Sophie and the Giants,artist
7IiSLreTg1of8dDwxwiPw3,Chef'Special,artist
5wwneIFdawNgQ7GvKK29Z3,Lucas & Steve,artist
2P3cjUru4H3fhSXXNxE9kA,Blackstreet,artist
1wFoE1RwBMWoWkXcFrCgsx,Josylvio,artist
1bObiFZkYu7IfzxVlAVj5x,Danny Vera,artist
438nTuoZFCZCyBl33jE9dU,Ashafar,artist
6zEaCvF0CqEHs7kFyBkLHi,Mula B,artist
51MxI9mWmRMPLK9eNlyQ7o,3robi,artist
30mNTnmvPn3HwXA5dW1Iza,Racoon,artist
1caoBfXJrbKCwIaTzGkyHn,SIX60,artist
0iWMmFScSBxj1z3IisnGkB,Niko Walters,artist
3eAOH2az3fQIfX2UAw0FfC,L.A.B.,artist
32GMj177nVLZPp3lqVrCXp,Kings,artist
0PK0Dx3s9et0Uf4XbdFpiW,Sons Of Zion,artist
6S0IvKlvPMX1RtAYtVpUV8,Drax Project,artist
29b16XDtyMXDrfo2hZ69wf,Adso Alejandro,artist
3m5qlPf2OkihLz3dRYnkPA,Ovy On The Drums,artist
5H1nN1SzW0qNeUEZvuXjAj,Danny Ocean,artist
0eHQ9o50hj6ZDNBt6Ys1sD,Yandel,artist
5bWUlnPx9OYKsLiUJrhCA1,Jon Z,artist
1ljNTY4uIBecRJmy69UNWt,Don Chezina,artist
2ngiK5FQchV4i7eOyXOXKt,SEEMEE,artist
3TikHXhctY4FUIMlkl0tzR,SODA LUV,artist
6nfeLUnw96k13zL81bCezV,"WHY, BERRY",artist
0xByDfltDVpk6LDsUMHyI2,Poshlaya Molly,artist
07tFgedhta5b5WaF0Yj4bH,SALUKI,artist
3Th60WEZwIWceINQVE4Ipx,104,artist
4uWhcZCwuPopf6JGvwsN2B,ANIKV,artist
3A4xVUf4pH2xCtIjctgdFd,BILIK,artist
7blTwZGiTplsvBEvYOsDot,Ramil',artist
5NipqMGsY4AUeb7kGT8aVz,kizaru,artist
5MNSosfX9IiRNNAfcbLrEl,JAMIK,artist
15fKXF1z3Us6ce3O4gGBKs,PUSSYKILLER,artist
6PzEFDyksWekGikJc8M6Cr,fem.love,artist
78G8FdUykcn02tsgMLi3q0,Rakhim,artist
7drPVZKqAnbY227UltZV3l,Benedixhion,artist
0Eu1T2eous06I1bM774jN1,ЕГОР ШИП,artist
2KoLmBXwsgMkfAvoPBlPmb,Egor Kreed,artist
3vvLuXEEf7sl3izJcw0GIn,Scriptonite,artist
0qc4X567Fs1DUbQ7bS2XSJ,Korol i Shut,artist
4mWdGXvLBhz5i2Qe5swRXb,Yung Trappa,artist
1kxqshyCqWuOQJNCTgHKzM,Ваня Дмитриенко,artist
4ywf1iH1ruKEcfpCgfJvyA,Artik & Asti,artist
6TLwD7HPWuiOzvXEa3oCNe,Oliver Tree,artist
27kGBCjiz5OXojkKX4xQ6R,BUSHIDO ZHO,artist
7ETrbkVb3uLwquyjX0T05M,UncleFlexxx,artist
01lZudgXsojt5TBHuygB8r,T-Fest,artist
2eiThpX5zH6LFmqP2HY1hL,дора,artist
3I9Bd4StaxvFWPG9AAjlrO,uglystephan,artist
260kWe4y9lg7YFDsZBgsLv,zhanulka,artist
5NMwoStnfHT4LdETlJSwDT,Big Baby Tape,artist
6OTMjaRQ9kxdwoPRYTmyOM,Mot,artist
2ISiyx4DLCMAMBCvPesCoq,JONY,artist
1kmpkcYbuaZ8tnFejLzkj2,MiyaGi,artist
1WAB4gjjNfQpAgT5SoAbRE,ROCKET,artist
5zXGVPJHUzQPUXKA7AlTi5,Max Barskih,artist
1pvmXh50KezixmCHnp9XvV,Zivert,artist
1H1zBr7TXFwTwsHU5kX9gW,OG Buda,artist
6E94QKXZv8BbO6QQJxcxLI,Daviles de Novelda,artist
5TYxZTjIPqKM8K8NuP9woO,C. Tangana,artist
3jc496ljiyrS3ECrD7QiqL,Gipsy Kings,artist
6bXIjeV8nUh5pFxgzgny9P,Nicolás Reyes,artist
3pUWmkSef9vJOPDViYGZ5L,Tonino Baliardo,artist
3lY9Fxceu60W1rbon7PkuF,Omar Montes,artist
6k8mwkKJKKjBILo7ypBspl,Ana Mena,artist
5RzT7CM6Ot0sh0EHefMicV,Maffio,artist
1QJbbsxg2wqidJj51d3otw,Natos y Waor,artist
4bWHA8fMNjzfGPQqnh5D6y,Recycled J,artist
5IbUz6BcOu6IVY512oxavP,Niño de Elche,artist
7xtnpHS34mLlxGZDVUBHSU,La Húngara,artist
4F4pp8NUW08JuXwnoxglpN,Bad Gyal,artist
46pWGuE3dSwY3bMMXGBvVS,Rema,artist
5N3YDBGT2gUzXgLDTwPRi5,Álvaro De Luna,artist
37BIBvfliXJpSgn10yQUJM,Mr. Naisgai,artist
2T3D6kBjXg7ofm7GXBaDQU,Dudi,artist
1nwjHzOUQZsNYX8xoWiGVC,Funzo & Baby Loud,artist
1GDbiv3spRmZ1XdM1jQbT7,Natti Natasha,artist
7cYik4OyfBXYV5Z2TI7p90,Farina,artist
7x7vfF89MqM94K8wvK3Omq,La Duraca,artist
0L1f9i3L3fkMNENljDOsjG,Rocco Hunt,artist
0Q8NcsJwoCbZOHHW63su5S,Mora,artist
68dW5BU6sdVNf099EylxEt,Hov1,artist
0kKygNaCQjqVLrImIftRDJ,Einár,artist
2zd9YxlsQvA5mkZ1NarYVQ,Miriam Bryant,artist
6RJXSfbIkEMoCJ8GAg2dVO,Victor Leksell,artist
1BwDWgdDJe3TJXLZkBkpsI,Tusse,artist
0NRMzT05nsc8mTm4iUvuHY,Molly Sandén,artist
5wXRHaEx8AvtUv0gyZHGf6,Newkid,artist
5uvOG0MwnD2ANrxNBUPtNr,1.Cuz,artist
0I0zS0aiq9JeGMBT45x6d8,Greekazo,artist
54tAGj0D5DRj7wKZdgALnq,Yei Gonzalez,artist
523y9KSneKh6APd1hKxLuF,Master KG,artist
4cfKtwkefMW3aiXtxfw8w6,Nomcebo Zikode,artist
3tl4Gc5RItD9lE6MJZGhLg,Clara Klingenström,artist
6rYEqmajzlhGVaayOJ2bpJ,Yasin,artist
7jEEE187pVG6InOxn03oA5,Benjamin Ingrosso,artist
59E9dYtwLTUAGuAppwFKAW,Cherrie,artist
51TXQniEQkYh89tfLjiuSy,Ant Wan,artist
6HYjkczJfUdGcwIGPOq5P2,Myra Granberg,artist
4XW87HXcsYTkdK7IhSy2Kt,HAVAL,artist
2vduakOON9BipyWkPSBo4S,Manny Flaco,artist
2DWNa2o3BbsIHeBq7Iu6E7,Thomas Stenström,artist
1Xylc3o4UrD53lo9CvFvVg,Zara Larsson,artist
3pvc2tagjnl9pGIi6BBfIS,SINAN,artist
1aA5OGASCVhznQYm71BMYg,Babblarna,artist
0Q5gLNKbp5mpfEvquAaHCl,Owen,artist
4zGH6gaO4NohcfCXZ31bQG,Eric Saade,artist
5wOlRsRt9ggoBDjjmhaF7x,Albatraoz,artist
5CPsScBTPYY11Lv4Eb7k4t,Dotter,artist
7lKk7yXNockkDjhb1GCeOy,Dizzy,artist
1gm1katIowFM22Ldqcw6DK,Ricky Rich,artist
3uFum0NCM1PtmCO0MwsOAt,Carola,artist
4tSx9oXscGCVaVXEhH86qp,Blizzy,artist
6RYT3r4anXD8WAGOw6T8El,Alvaro Estrella,artist
5tVyieWwN9j09jXUovK2zN,Danny Saucedo,artist
6g641431O1Xkl7HAs2yFEg,EggPlantEgg,artist
6xErgeZYatiaQ36SB5bvi8,告五人,artist
7nKA1c1Qn6nI0XA8yburf3,程響,artist
4MMQmzYiUiuD8VwjrJu3v6,Nine Chen,artist
6QYehwA9q6UQEMs1Vak0uy,Feng Ze,artist
7aRC4L63dBn3CiLDuWaLSI,G.E.M.,artist
0E6oEhZZtQvj811iXQFLrB,Ricky Hsiao,artist
5rEuIFwgGGp7t4b3t8ShJw,Dizzy Dizzo,artist
2qXGNIlmY3JrYkxOWyXZsd,E.SO,artist
3aIDSTKS9yH745GUQBxDcS,Fish Leong,artist
5PNcqs6EtD6gSXgUiiJIUU,颜人中,artist
6qzfo7jiO4OrhxrvPFPlWX,Rene Liu,artist
01u3qI3xMGFvktXyRSMGRZ,Vicky Chen,artist
6zCAdMK7SVxKyGMnAc26Cy,Power Station,artist
4xlAHgZnzzPHtoKnev0gwJ,Good Band,artist
16s0YTFcyjP4kgFwt7ktrY,Mayday,artist
7rXM91kSsqGzvYANukdQJD,單依純,artist
4TcOznbEZBqev21LzAH4KE,高爾宣 OSN,artist
6taSlFSqCqAEUHOliFyHt7,梦然,artist
2WhGojaMjv4VVn2HQSqrLM,Agustín Casanova,artist
4oZolC0sCwCAKqsNXfRlVS,The La Planta,artist
4PdggFNYwGfjRfkdG5OfES,#TocoParaVos,artist
4SgKWjM7cJDCh2aY9H4HZf,Marka Akme,artist
2to8xMgnoxHCXPF7eWJPvg,Nestor En Bloque,artist
6Oa7dtz85WbPv9pYDcRSDN,MOMO,artist
1l6UgL5G16tId4qoYH8qJn,Pushi,artist
3Ufoo4BPShhahtCSjgpBLP,Hứa Kim Tuyền,artist
3LbBKYlyMaATS8IIe7HJ0d,Hoàng Duyên,artist
3FwYnbtGNt8hJfjNuOfpeG,Ha Anh Tuan,artist
51wGpVg4Z3lv1IjuZAQjXn,Juky San,artist
5iggzY0xY68wNNWXhiPrZz,REDT,artist
6OzE2OdvV2tGAxSBsBuZ74,Hoang Dung,artist
5dfZ5uSmzR7VQK0udbAVpf,Sơn Tùng M-TP,artist
2xvW7dgL1640K8exTcRMS4,Chillies,artist
4x1fUORHa2EsxrQ6ZzAoQ0,Suni Hạ Linh,artist
0gGd4WhPXBSgDX6fdOHcOw,Rhymastic,artist
1WvNgEoB66jmHodcj15Zi9,B Ray,artist
7sI2avJ3MyFstC9oKNM7py,Han Sara,artist
3nGqUwkJHiLPDECMVrX1Sq,Masew,artist
2KUMXzsDcJqXZW0CRh07zP,Uyên Linh,artist
0DL9VpY3UsZWQyDOO5Ej2o,Lemese,artist
1nX1HVIUo1Zfs3e2v3lFb9,Changg,artist
57g2v7gJZepcwsuwssIfZs,Vũ.,artist
2xK6qcvfXuFFbU0NL95aeo,Thịnh Suy,artist
6zUWZmyi5MLOEynQ5wCI5f,Da LAB,artist
4e5LAUvM35jleGg8gElTsP,Miu Lê,artist
4bPYvyUn1mWwUwIW57oST2,Emcee L (Da LAB),artist
2ZjO6APYelcHcLd2pWMx8x,Badbies,artist
2aQnC3DbZB9GbauvhAw7ve,AMEE,artist
7Cp2hGcriAaDUAWpXnSEwm,buitruonglinh,artist
2rVYwIYNEsMxtt8j5yemHb,T.R.I,artist
5TSjLaWHQ69GaALubAM7gR,Tăng Phúc,artist
0MSThXXAv51swAKUOuZg8A,Truong Thao Nhi,artist
0IdAjS2LRieBR3gzoazdAw,MIN,artist
4jQZaxfgwiUJFQagCyZNV4,Ricky Star,artist
0EOMdQwzUG6CKh9oWvcANr,Lăng LD,artist
6ZmHJcmCcc9X2sAyz6cHng,Hiền Hồ,artist
3OeYidiG0MAcGmiSwTHZf6,Vuong Anh Tu,artist
3KJopZ2uUclqEtLxQg0FNn,Jack - J97,artist
1LEtM3AleYg1xabW6CRkpi,Đen,artist
6ZNAsA4h8V7SOLtiK8Vfav,Phương Anh Đào,artist
7H9jPV9qWyp6V629038aXU,Lynk Lee,artist
3rjcQ5VIWCN4q7UFetzdeO,JustaTee,artist
6NF9Oa4ThQWCj6mogFSrVD,W/N,artist
2SqJ4xPQ0QRPqi8H62CNSU,Duong,artist
5zifyPCJIZxUBhVq7AydsT,Nâu,artist
1Dd0DajYMxzu1Q6kuXLyJ3,Hoàng Yến Chibi,artist
3diftVOq7aEIebXKkC34oR,Tlinh,artist
5Clu9Zqi4iZJGdLGkNEQms,TDK,artist
5fa13NJjmn2uQ3dxZDi2Ge,Bich Phuong,artist
0qkGQFUrj8ERPAZcdpa79j,Phuc Du,artist
2nSO7JYDbJrYbJmP39qUzj,Binz,artist
0r63ReVRjxrS4ATbLrdcrL,Hoang Thuy Linh,artist
2v14NO80QYditUms7sbEIZ,Trung Trần,artist
7mFCX07lzCFLpHm72R93oB,nân,artist
4RGBKkUyyvsim9vdBKCCkc,Ngơ,artist
6RUfMGubOnHT1p3nfeXpBl,Thiều Bảo Trâm,artist
75Ki5hBCOpDtKGoFyTvLxP,Lou Hoang,artist
4sDsgLXhS6If9HrV2mwuSx,hooligan.,artist
