song_id,artist_id
67BtfxlNbhBmCDR2L2l8qd,7jVv8c5Fj3E9VhNjxT4snq
4iJyoBOLtHqaGxP12qzhQI,1uNFoZAHBGtllmzznpCI3s
4iJyoBOLtHqaGxP12qzhQI,20wkVLutqVOYrc0kxFs7rA
4iJyoBOLtHqaGxP12qzhQI,4fxd5Ee7UefO4CUXgwJ7IP
43PGPuHIlVOc04jrZVh9L6,6AgTAQt8XS6jRWi4sX7w49
3VT8hOC5vuDXBsHrR53WFh,1uU7g3DNSbsu0QjSEqZtEd
61KpQadow081I2AsbeLcsb,1McMsnEElThX1knmY4oliG
748mdHapucXQri7IAO8yFK,5cj0lLjcoR7YOSnhnX0Po5
748mdHapucXQri7IAO8yFK,7tYKF4w9nC0nq9CsPZTHyP
7MAibcTli4IisCtbHKrGMh,0du5cEVh5yTK9QJze8zA0C
7MAibcTli4IisCtbHKrGMh,3jK9MiCrA42lLAdMGUZpwa
7MAibcTli4IisCtbHKrGMh,6PvvGcCY2XtUcSRld1Wilr
7lPN2DXiMsVn7XUKtOW1CS,1McMsnEElThX1knmY4oliG
5QO79kh1waicV47BqGRL3g,1Xyo4u8uXC1ZmMpatF05PJ
7Bk0uXKk1uPT0XuQbpFzvs,0n6sKrG0xKAf8xmdqeNGke
7Bk0uXKk1uPT0XuQbpFzvs,3E6xrwgnVfYCrCs0ePERDz
7Bk0uXKk1uPT0XuQbpFzvs,0EFisYRi20PTADoJrifHrz
3FAJ6O0NOHQV8Mc5Ri6ENp,4fxd5Ee7UefO4CUXgwJ7IP
5nujrmhLynf4yMoMtj8AQF,6M2wZ9GZgrQXHCFfjv46we
5nujrmhLynf4yMoMtj8AQF,4r63FhuTkUYltbVAg5TQnk
6tDDoYIxWvMLTdKpjFkc1B,1U1el3k54VvEUzo3ybLPlM
0VjIjW4GlUZAMYd2vXMi3b,1Xyo4u8uXC1ZmMpatF05PJ
1nahzW3kfMuwReTka28tH5,1uNFoZAHBGtllmzznpCI3s
4MzXwWMhyBbmu6hOcLVD49,4q3ewBCX7sLwd24euuV69X
4MzXwWMhyBbmu6hOcLVD49,0EFisYRi20PTADoJrifHrz
6f3Slt0GbA2bPZlz0aIFXN,2o5jDhtHVPhrJdv3cEQ99Z
1M4OcYkxAtu3ErzSgDEfoi,4kYSro6naA4h99UJvo89HB
4cG7HUWYHBV6R6tHn1gxrl,7i9j813KFoSBMldGqlh2Z1
4cG7HUWYHBV6R6tHn1gxrl,1gALaWbNDnwS2ECV09sn2A
4cG7HUWYHBV6R6tHn1gxrl,4L2dV3zY7RmkeiNO035Fi0
4cG7HUWYHBV6R6tHn1gxrl,3Edve4VIATi0OZngclQlkN
3J8EOeKLTLXORtWPpOU5bE,6jGMq4yGs7aQzuGsMgVgZR
3J8EOeKLTLXORtWPpOU5bE,4IVAbR2w4JJNJDDRFP3E83
1v1oIWf2Xgh54kIWuKsDf6,1WgXqy2Dd70QQOU7Ay074N
27OeeYzk6klgBh83TSvGMA,2tIP7SsRs7vjIcLrU85W8J
4jPy3l0RUwlUI9T5XHBW2m,6fWVd57NKTalqvmjRd2t8Z
4jPy3l0RUwlUI9T5XHBW2m,6ASri4ePR7RlsvIQgWPJpS
1J14CdDAvBTE1AJYUOwl6C,3klZnJvYGIbWritVwQD434
60ynsPSSKe6O3sfwRnIBRf,5cj0lLjcoR7YOSnhnX0Po5
1xK1Gg9SxG8fy2Ya373oqb,7iK8PXO48WeuP03g8YR51W
1xK1Gg9SxG8fy2Ya373oqb,2LmcxBak1alK1bf7d1beTr
2CYVETnhM9aytqrazYYwrK,06HL4z0CvFAxyc27GXpf02
02MWAaffLxlfxAUY7c5dvx,4yvcSjfu4PC0CYQyLy4wSq
6UelLqGlWMcVH1E5c4H7lY,6KImCVD70vtIoJWnq6nGn3
5YaskwnGDZFDRipaqzbwQx,7jZM5w05mGhw6wTB1okhD9
5YaskwnGDZFDRipaqzbwQx,0u6GtibW46tFX7koQ6uNJZ
5YaskwnGDZFDRipaqzbwQx,5Wg2b4Mp42gicxEeDNawf7
4saklk6nie3yiGePpBwUoc,3Nrfpe0tUJi4K4DXYWgMUX
2TksvaRivgAEj780DgRB73,77ziqFxp5gaInVrF2lj4ht
2XIc1pqjXV3Cr2BQUGNBck,4q3ewBCX7sLwd24euuV69X
2XIc1pqjXV3Cr2BQUGNBck,7ltDVBr6mKbRvohxheJ9h1
5uEYRdEIh9Bo4fpjDd4Na9,0Y5tJX1MQlPlqiwlOH1tJY
5uEYRdEIh9Bo4fpjDd4Na9,2o08sCWF5yyo2G4DCiT7T9
7qEHsqek33rTcFNT9PFqLf,4GNC7GD6oZMSxPGyXy4MNB
6fRxMU4LWwyaSSowV441IU,04gDigrS5kc9YWfZHwBETP
6fRxMU4LWwyaSSowV441IU,181bsRPaVXVlUKXrxwZfHK
079Ey5uxL04AKPQgVQwx5h,0C8ZW7ezQVs4URX5aX7Kqx
079Ey5uxL04AKPQgVQwx5h,1mcTU81TzQhprhouKaTkpq
3PfIrDoz19wz7qK7tYeu62,6M2wZ9GZgrQXHCFfjv46we
3YJJjQPAbDT7mGpX3WtQ9A,7tYKF4w9nC0nq9CsPZTHyP
2WnAKZefdRHxtBEkRjFOHC,1uNFoZAHBGtllmzznpCI3s
5YYW3yRktprLRr47WK219Y,4riOEaOW5hCeqomFDBk0aP
5YYW3yRktprLRr47WK219Y,7iK8PXO48WeuP03g8YR51W
5YYW3yRktprLRr47WK219Y,2UZIAOlrnyZmyzt1nuXr9y
1diS6nkxMQc3wwC4G1j0bh,6M2wZ9GZgrQXHCFfjv46we
35mvY5S1H3J2QZyna3TFe0,66CXWjxzNUsdJxJ2JdwvnR
2etHQJxIbV0soyPhelVs9Y,6cK3NBO6uP7hh0oyuVELFl
2etHQJxIbV0soyPhelVs9Y,5cj0lLjcoR7YOSnhnX0Po5
4yyX2Iu4xJjW9xMvBZKSBi,6S2OmqARrzebs0tKUEyXyp
4yyX2Iu4xJjW9xMvBZKSBi,66CXWjxzNUsdJxJ2JdwvnR
6cx06DFPPHchuUAcTxznu9,6DgP9otnZw5z6daOntINxp
6cx06DFPPHchuUAcTxznu9,7uMh23xWiuR7zsNkuNcm2G
3iw6V4LH7yPj1ESORX9RIN,1PKErrAhYFdfrDymGHRQRo
3iw6V4LH7yPj1ESORX9RIN,4Euia7UzdRshy1DJOSMTcs
3iw6V4LH7yPj1ESORX9RIN,5PoZtBo8xZKqPWlZrIDq82
7hxHWCCAIIxFLCzvDgnQHX,6MPCFvOQv5cIGfw3jODMF0
7hxHWCCAIIxFLCzvDgnQHX,2hlmm7s2ICUX0LVIhVFlZQ
7hxHWCCAIIxFLCzvDgnQHX,4Gso3d4CscCijv0lmajZWs
7hxHWCCAIIxFLCzvDgnQHX,7rkW85dBwwrJtlHRDkJDAC
6ft4hAq6yde8jPZY2i5zLr,0xRXCcSX89eobfrshSVdyu
6ft4hAq6yde8jPZY2i5zLr,5KNNVgR6LBIABRIomyCwKJ
3VvA1wSxukMLsvXoXtlwWx,2NfSBtmWe7oPw1EmetJVso
5RmSunLqeDqNWww8LWhAiK,4m6ubhNsdwF4psNf3R8kwR
5RmSunLqeDqNWww8LWhAiK,1bAftSH8umNcGZ0uyV7LMg
7I8L3vYCLThw2FDrE6LuzE,3Apb2lGmGJaBmr0TTBJvIZ
7I8L3vYCLThw2FDrE6LuzE,4m6ubhNsdwF4psNf3R8kwR
7I8L3vYCLThw2FDrE6LuzE,1bAftSH8umNcGZ0uyV7LMg
7I8L3vYCLThw2FDrE6LuzE,1DxLCyH42yaHKGK3cl5bvG
7I8L3vYCLThw2FDrE6LuzE,1vqR17Iv8VFdzure1TAXEq
7I8L3vYCLThw2FDrE6LuzE,5Y3MV9DZ0d87NnVm56qSY1
1Crj1zkRMpsEjb9NOR6Zof,716NhGYqD1jl2wI1Qkgq36
1Crj1zkRMpsEjb9NOR6Zof,4YYxffPVDFe9XoqqbRW6Bq
4fipVdNyG6zx7nxuqHScsy,1DxLCyH42yaHKGK3cl5bvG
4A9u8OrzFYbxdjiydkNdUi,1Z7q2glJYLsPpPoPIgBjdE
4A9u8OrzFYbxdjiydkNdUi,4YYxffPVDFe9XoqqbRW6Bq
2dNhNlpZAtV4lwAFW45LIv,5hdhHgpxyniooUiQVaPxQ0
2dNhNlpZAtV4lwAFW45LIv,2oT7xd9iTO2ejLsNGIMa5f
3OXxCquI8i14EigwILaLx9,1DxLCyH42yaHKGK3cl5bvG
3OXxCquI8i14EigwILaLx9,6w3SkAHYPsQ1bxV7VDlG5y
4loQgPwJHocL3dFwLfjb1J,1mcTU81TzQhprhouKaTkpq
4loQgPwJHocL3dFwLfjb1J,2R21vXR83lH98kGeO99Y66
3lCbsHaN1wCxyDzcNN2x4N,48R2gYdPKtfnfKAzhSVPUx
3lCbsHaN1wCxyDzcNN2x4N,7n3wAgh1j3RRbxYzfZTQDF
2OEVXCvrzJfpZaIPwsR99i,4YYxffPVDFe9XoqqbRW6Bq
2OEVXCvrzJfpZaIPwsR99i,1M1s4ofh9rBEBWhyYsXAcn
2OEVXCvrzJfpZaIPwsR99i,5kfMU816qY0ujqEt3xIHqR
3Zf4GutWZ7Hv3wsVQsSQPs,28gNT5KBp7IjEOQoevXf9N
3Zf4GutWZ7Hv3wsVQsSQPs,2oQX8QiMXOyuqbcZEFsZfm
1jtkP2Vj67mcBTXJgIOZsW,1DxLCyH42yaHKGK3cl5bvG
1jtkP2Vj67mcBTXJgIOZsW,3Apb2lGmGJaBmr0TTBJvIZ
2mMZAd3ol9wGI2WJl4XJCF,2UZIAOlrnyZmyzt1nuXr9y
2mMZAd3ol9wGI2WJl4XJCF,1aw0Cdl1DIrtUrUA6fGbAR
2mMZAd3ol9wGI2WJl4XJCF,716NhGYqD1jl2wI1Qkgq36
6RV9pRLIQiXm3qTGeyQluf,28gNT5KBp7IjEOQoevXf9N
6RV9pRLIQiXm3qTGeyQluf,52qzWdNUp6ebjcNsvgZSiC
1WvrDdouh6C51In1SdATbq,790FomKkXshlbRYZFtlgla
4C6BlqqMwjFzOXzqpTeoWR,14zUHaJZo1mnYtn6IBRaRP
6qraVL4IJaIj0IuEexYJNa,7iK8PXO48WeuP03g8YR51W
5VzNsUnLmYcRfRfxpQsusa,0tmwSHipWxN12fsoLcFU3B
5VzNsUnLmYcRfRfxpQsusa,1mcTU81TzQhprhouKaTkpq
5VzNsUnLmYcRfRfxpQsusa,7iK8PXO48WeuP03g8YR51W
5MOF8J0yJVHdKE3gRgpM6r,4kcQWQDK0u9AftVSpdrAgk
2mM3gZ0BbPwPPMelbA8vgt,7kXCcNRLEnblbTAppPraBp
2mM3gZ0BbPwPPMelbA8vgt,329e4yvIujISKGKz1BZZbO
2mM3gZ0BbPwPPMelbA8vgt,5hdhHgpxyniooUiQVaPxQ0
2mM3gZ0BbPwPPMelbA8vgt,2cPqdH7XMvwaBJEVjheH8g
2mM3gZ0BbPwPPMelbA8vgt,6kq4GHwUcUojGIu0ziSNXf
5uD4fcXch2qE5LYeyDipA1,7HSeegdmjLYRJpkOYIaZIW
5uD4fcXch2qE5LYeyDipA1,1kyy6AW7C6Rr2jrYwz95Gi
21N4Buj4xsyLb218lYle61,07YUOmWljBTXwIseAUd9TW
21N4Buj4xsyLb218lYle61,0BqURncJM5B1BBu7UM51eq
5y7DaS3jAc9eZzcSOoUIwU,1i8SpTcr7yvPOmcqrbnVXY
5y7DaS3jAc9eZzcSOoUIwU,1vyhD5VmyZ7KMfW5gqLgo5
5y7DaS3jAc9eZzcSOoUIwU,37230BxxYs9ksS7OkZw3IU
1VYaM9VSix6jth7nXiHvo2,1bAftSH8umNcGZ0uyV7LMg
68mrW6gXHgupgSiDHgaDi5,1SupJlEpv7RS2tPNRaHViT
68mrW6gXHgupgSiDHgaDi5,7iK8PXO48WeuP03g8YR51W
1e0NatUVfOD9xRgeXSedrl,4YYxffPVDFe9XoqqbRW6Bq
1e0NatUVfOD9xRgeXSedrl,5kfMU816qY0ujqEt3xIHqR
1e0NatUVfOD9xRgeXSedrl,5xIOUIBQhGFX7HIj8lhdyU
1e0NatUVfOD9xRgeXSedrl,4cJD9t5QBFTUQcd3xfbOb2
78SeXVRJ7KCqVmOwTiFjnI,716NhGYqD1jl2wI1Qkgq36
78SeXVRJ7KCqVmOwTiFjnI,3VHAySZQPlfGlNLslzXYpN
0VWLId2RwPCno9s1cJm2Vy,5hdhHgpxyniooUiQVaPxQ0
0VWLId2RwPCno9s1cJm2Vy,1fux65HMCBvfJHqlBc4Nno
0VWLId2RwPCno9s1cJm2Vy,1i8SpTcr7yvPOmcqrbnVXY
0VWLId2RwPCno9s1cJm2Vy,1wZtkThiXbVNtj6hee6dz9
0VWLId2RwPCno9s1cJm2Vy,7iK8PXO48WeuP03g8YR51W
0VWLId2RwPCno9s1cJm2Vy,2oT7xd9iTO2ejLsNGIMa5f
2FSGUA0gFgGeQdprjtGM2M,790FomKkXshlbRYZFtlgla
2FSGUA0gFgGeQdprjtGM2M,0KKUc4amZyvswV2YL6WTar
1yc7ERfIzFxPP1E0OFRvp0,0eecdvMrqBftK0M1VKhaF4
2dl5K2ScW7jYhAhuem06cm,4VMYDCV2IEDYJArk749S6m
0TBbNYzmtCfN5cpZSCVNIz,2UZIAOlrnyZmyzt1nuXr9y
0TBbNYzmtCfN5cpZSCVNIz,47MpMsUfWtgyIIBEFOr4FE
2bgcUk2A3jjKbCJ7KPquTi,3E6xrwgnVfYCrCs0ePERDz
2bgcUk2A3jjKbCJ7KPquTi,7iK8PXO48WeuP03g8YR51W
2bgcUk2A3jjKbCJ7KPquTi,0n6sKrG0xKAf8xmdqeNGke
1yoMvmasuxZfqHEipJhRbp,1r4hJ1h58CWwUQe3MxPuau
4w3R0drhPCc7zeO2OtBV8r,6w3SkAHYPsQ1bxV7VDlG5y
4w3R0drhPCc7zeO2OtBV8r,6oMRQ5H3A2XA5I3RG3leni
5RubKOuDoPn5Kj5TLVxSxY,4q3ewBCX7sLwd24euuV69X
6NKrW1a2OYNwAXuN4MgwXi,4YYxffPVDFe9XoqqbRW6Bq
6NKrW1a2OYNwAXuN4MgwXi,5kfMU816qY0ujqEt3xIHqR
15OjBeqNX3bShsGYQbteRv,329e4yvIujISKGKz1BZZbO
6Tio0ZoDeSQnI7EBAqWer2,1KCSPY1glIKqW2TotWuXOR
6Tio0ZoDeSQnI7EBAqWer2,0gAILSEru1PKMwP0tAqNLS
4wqzOaLxiCRy2Et8tRyNSX,137W8MRPWKqSmrBGDBFSop
4wqzOaLxiCRy2Et8tRyNSX,67hb7towEyKvt5Z8Bx306c
2gqWRRCXnma9L8xQ1RdemQ,2tIP7SsRs7vjIcLrU85W8J
3CVb6hkMrlF7eHhXi5B3PZ,3FoFW2AoUGRHBacC6i4x4p
3CVb6hkMrlF7eHhXi5B3PZ,7b79bQFziJFedJb75k6hFt
1KixkQVDUHggZMU9dUobgm,4npEfmQ6YuiwW1GpUmaq3F
5ri4zqtWhG07hIuNNDWP76,2NjfBq1NflQcKSeiDooVjY
5FQPpxOXsvkMN6v18gtpwY,6s22t5Y3prQHyaHWUN1R1C
6Xgq7MvZiet0hVi3KaDSgJ,1uNFoZAHBGtllmzznpCI3s
6Xgq7MvZiet0hVi3KaDSgJ,1anyVhU62p31KFi8MEzkbf
0siYMEsGrzzzlWLXK5zJfS,6DgP9otnZw5z6daOntINxp
0siYMEsGrzzzlWLXK5zJfS,5KKpBU5eC2tJDzf0wmlRp2
0siYMEsGrzzzlWLXK5zJfS,1Cs0zKBU1kc0i8ypK3B9ai
0ofHAoxe9vBkTCp2UQIavz,08GQAI4eElDnROBrJRGE0X
45bE4HXI0AwGZXfZtMp8JR,45dkTj5sMRSjrmBSBeiHym
1VLtjHwRWOVJiE5Py7JxoQ,6AgTAQt8XS6jRWi4sX7w49
4Oun2ylbjFKMPTiaSbbCih,4kYSro6naA4h99UJvo89HB
4Oun2ylbjFKMPTiaSbbCih,181bsRPaVXVlUKXrxwZfHK
1tkg4EHVoqnhR6iFEXb60y,0eDvMgVFoNV3TpwtrVCoTj
2h9TDNEXRhcDIV3fsoEVq9,6L1XC7NrmgWRlwAeLJvVtA
2h9TDNEXRhcDIV3fsoEVq9,6S2OmqARrzebs0tKUEyXyp
5QEqzFV7R8KSSCJa37tfvs,4hK7sEnm0se5bqoI3Yb5o1
5QEqzFV7R8KSSCJa37tfvs,4Yttlv9ndGjCDCVLqM7ACq
5QEqzFV7R8KSSCJa37tfvs,6h1s4i4XKIYv4ErDelLDN0
26hbmLeqiz8loWjFshsegF,3CJKkU0XuElRT1z8rEtIYg
46zfTi4Wg6mmkOBPimtg6X,76dRoxKtDwYkgCQePok9cU
46zfTi4Wg6mmkOBPimtg6X,3ZuBEj9ppJe8GSdKaMTfMN
46zfTi4Wg6mmkOBPimtg6X,4sVieJlKgpZ2k9ESNS5IdN
6a3kNt1UlUOapDKmEr3JzZ,13bDjug9N0pyv3ZUINjkDV
6a3kNt1UlUOapDKmEr3JzZ,1qQLhymHXFPtP5U8KNKsm6
4hSJUp6k7QeHLxU32MrLIU,7ADRm1oT7VmhRRZrZqycV6
4hSJUp6k7QeHLxU32MrLIU,7oWrEQO1d3klp0Qrfh7a5h
4hSJUp6k7QeHLxU32MrLIU,44yXVrsMTsKGUBHZsYFZNq
5SFXOMJJ334Wn2PwBHeRZN,03d2mJXSMtuPI0nIvLnhoS
2pPO9YecZimmuVQfIzfV6U,4AKwRarlmsUlLjIwt38NLw
2pPO9YecZimmuVQfIzfV6U,1PbtWtrN7jZpd4toqxrjm2
6j0l7Hjt6qeDCQnYBZuJXY,0bmxU94V20pNJ2Vie9kFYv
6j0l7Hjt6qeDCQnYBZuJXY,09agIJMxCD2k87ys9Al0f0
3RcXFW8aiRYHRaDDYBqJ76,2NpPlwwDVYR5dIj0F31EcC
5dDQDduj3EaWrPIZ9bc8tj,3ZuBEj9ppJe8GSdKaMTfMN
5dDQDduj3EaWrPIZ9bc8tj,3CJKkU0XuElRT1z8rEtIYg
0E4Y1XIbs8GrAT1YqVy6dq,6eUKZXaKkcviH0Ku9w2n3V
6i7zAdNhzUN2k1HcrBxPHG,4AKwRarlmsUlLjIwt38NLw
6i7zAdNhzUN2k1HcrBxPHG,2h6hAChW74hB9HvrNoK1RY
6i7zAdNhzUN2k1HcrBxPHG,2fsk4VlJdNF6G8cCMDrrzB
6V1lWr7s8CO5VkxXe4hBtg,3CJKkU0XuElRT1z8rEtIYg
2SNKXQu2g74AKu6zYFOL0j,3ufl0BckLId1MPMWvCppQM
4DnHEa1fuf3bn61AwT8Qiv,3tQzzidoPfVifoURnDfgmD
7jtQIBanIiJOMS6RyCx6jZ,2txHhyCwHjUEpJjWrEyqyX
2QuQkdLLzgktXwruPAz6f4,09agIJMxCD2k87ys9Al0f0
2QuQkdLLzgktXwruPAz6f4,46aNfN89JrOQTCy97GoCHa
0iSNXzEBlNNJrqRiEIAw1s,4sVieJlKgpZ2k9ESNS5IdN
4Lt6GXGzYsa1tgkv3nGSTm,07YZf4WDAMNwqr4jfgOZ8y
4Lt6GXGzYsa1tgkv3nGSTm,1XynjLPAyPi8SZAx8LHN0Z
1WUXlAFlKIu7fixKZvQECX,3ZuBEj9ppJe8GSdKaMTfMN
1iAyJBksvAI6DQEnzv8l1E,3t5xRXzsuZmMDkQzgOX35S
1iAyJBksvAI6DQEnzv8l1E,5pXe6yFchq1oyYK3rq2A8i
46lyJh9GYmWsHez3EsvmAx,4mrBetqy378Jf1y6NLszlx
46lyJh9GYmWsHez3EsvmAx,74GrV01oFcjJdLHCF9MWhr
5KQuQptKeiPuCVRHAEfBHW,18Zq5h68TQ6kurXzRNHJDo
5KQuQptKeiPuCVRHAEfBHW,1aS5tqEs9ci5P9KD9tZWa6
38ymFU7u5XorxpySYJT0FA,2j2rh3oQh4QEUnNTDKYSJD
38ymFU7u5XorxpySYJT0FA,1aS5tqEs9ci5P9KD9tZWa6
38ymFU7u5XorxpySYJT0FA,10XY9PZCJKzUFzZOdtlQLU
38ymFU7u5XorxpySYJT0FA,5qZLYtTL3ldN6Uw7OXHESR
4DmaRgnBrN1IF7Q3R9hTFJ,7aASXckUdNXJ5X338n8C1D
4DmaRgnBrN1IF7Q3R9hTFJ,4cy8rq83cl4eKpRWRK9hyM
3F1P0QzdXtBz0MXy7KIO5w,6M2wZ9GZgrQXHCFfjv46we
3F1P0QzdXtBz0MXy7KIO5w,3QVolfxko2UyCOtexhVTli
2vBET2pmrQqafaS6zIaYta,1yxSLGMDHlW21z4YXirZDS
2vBET2pmrQqafaS6zIaYta,0EmeFodog0BfCgMzAIvKQp
6Vcxzw4ifKqYxVrp3ckpVF,5gqmbbfjcikQBzPB5Hv13I
1Ox6RIOerYvgRH9AxIl4DO,7hdCH3dJ27WvUbo00gAMwE
1Ox6RIOerYvgRH9AxIl4DO,2Zx5UnYsOJTrLB7EerhsJh
6sRPU30pj9A6G1pBXqzQkM,6o5sl0TGublDPXyMHdMq1E
20McUFi8KCIVdNDLrkTDuZ,2o08sCWF5yyo2G4DCiT7T9
7HXBG0W8gFJwHUh5mVF9tf,7f5Zgnp2spUuuzKplmRkt7
13UfB1tm7QYrhtW8FhPYmW,5WxnXxSCyhDSyi6elhBZd4
13UfB1tm7QYrhtW8FhPYmW,3zGV7t4BDmYZBLVA24487b
1t9WgS8FN0534tLBRwbaxO,7arQA31aZVS8yS6zUveWzb
0y6ehP0fhVbxv8GoP19lxs,4LcUpNlXFEleaLlelmkv2R
0y6ehP0fhVbxv8GoP19lxs,5yDkaiPTFbHGWCMXAEBt5Q
0y6ehP0fhVbxv8GoP19lxs,3zGV7t4BDmYZBLVA24487b
0ij4IjHf1J5gEz7vdX6fAk,2aV2tpJtR55vg19SxBJvNs
7FdUvDkaE24o3FPIWTvzv2,53XhwfbYqKCa1cC15pYq2q
6zFMeegAMYQo0mt8rXtrli,7jVv8c5Fj3E9VhNjxT4snq
2VxeLyX666F8uXCJ0dZF8B,1HY2Jd0NmPuamShAr6KMms
2VxeLyX666F8uXCJ0dZF8B,4VIvfOurcf0vuLRxLkGnIG
4PEfJZpVjdclfzZ9XO8uDw,1RBzGO6Nm3uyhUSxP7EDWO
4PEfJZpVjdclfzZ9XO8uDw,6w9ToX5slZ4uIdmD17hJ3c
4PEfJZpVjdclfzZ9XO8uDw,1Ts9of7VPZElwPQnqnDSfW
4RJz8NfIe09gpKMiRUWKhJ,1r4hJ1h58CWwUQe3MxPuau
4RJz8NfIe09gpKMiRUWKhJ,1pQWsZQehhS4wavwh7Fnxd
4RJz8NfIe09gpKMiRUWKhJ,14zUHaJZo1mnYtn6IBRaRP
35UUpTmrcFXNIVIN26ujXl,77ziqFxp5gaInVrF2lj4ht
35UUpTmrcFXNIVIN26ujXl,4VMYDCV2IEDYJArk749S6m
35UUpTmrcFXNIVIN26ujXl,1vyhD5VmyZ7KMfW5gqLgo5
35UUpTmrcFXNIVIN26ujXl,7ltDVBr6mKbRvohxheJ9h1
35UUpTmrcFXNIVIN26ujXl,329e4yvIujISKGKz1BZZbO
00szcRmgqJGtqrfIUYkM1h,4bw2Am3p9ji3mYsXNXtQcd
00szcRmgqJGtqrfIUYkM1h,1r4hJ1h58CWwUQe3MxPuau
16ONd70tvWAaLIc6hcLzaG,0XwVARXT135rw8lyw1EeWP
1mauYRwbpoGQX6itP2FAJC,1SupJlEpv7RS2tPNRaHViT
1mauYRwbpoGQX6itP2FAJC,5lwmRuXgjX8xIwlnauTZIP
0kRU83ecI57Iw1kPTeUwK5,0tmwSHipWxN12fsoLcFU3B
0kRU83ecI57Iw1kPTeUwK5,1r4hJ1h58CWwUQe3MxPuau
5RAIMjdrCEjpjaR5tBATXU,1r4hJ1h58CWwUQe3MxPuau
5RAIMjdrCEjpjaR5tBATXU,7a0XAaPaK2aDSqa8p3QnC7
5RAIMjdrCEjpjaR5tBATXU,1mcTU81TzQhprhouKaTkpq
5RAIMjdrCEjpjaR5tBATXU,2T1aUibqR2QC2sINIDQOAK
5RAIMjdrCEjpjaR5tBATXU,64aJYyrXljOodnUG6jvhRD
5RAIMjdrCEjpjaR5tBATXU,1TtXnWcUs0FCkaZDPGYHdf
3lR4O0vtkhCAvVEUEWUL0S,4bw2Am3p9ji3mYsXNXtQcd
3lR4O0vtkhCAvVEUEWUL0S,0XwVARXT135rw8lyw1EeWP
4HYDUMY0xSpeBr0AMY9cUz,2cPqdH7XMvwaBJEVjheH8g
4HYDUMY0xSpeBr0AMY9cUz,2ydZrTy8U3kOMOzx20s3dg
4HYDUMY0xSpeBr0AMY9cUz,7iK8PXO48WeuP03g8YR51W
0MT6qJd7wKlWjH7tP7oWHi,790FomKkXshlbRYZFtlgla
478g4LSkyMB1PMkVOVmIaE,790FomKkXshlbRYZFtlgla
478g4LSkyMB1PMkVOVmIaE,2R21vXR83lH98kGeO99Y66
478g4LSkyMB1PMkVOVmIaE,1vyhD5VmyZ7KMfW5gqLgo5
4G3PTss3mU33Tau7t4KbwE,1mcTU81TzQhprhouKaTkpq
4G3PTss3mU33Tau7t4KbwE,28gNT5KBp7IjEOQoevXf9N
5KFHrrBMyGj5MhVbZMM3ts,1vyhD5VmyZ7KMfW5gqLgo5
2Q7KYjCv7XaLc0KRGY9m50,6ZtLRqHEkAXPWVw0eRbDac
2MZQAvsA7aZDssppBLRxYp,41QLxRXlc2NwfJZkHGHKid
2Gjt4rUHBUH0rMKpBg0hF4,3fll16LLw6kdDxWzSpJPEQ
2Gjt4rUHBUH0rMKpBg0hF4,2zWqENF4cnsd1nLmraG9IE
2QLbRVzixE282JSQjBz2DG,0NGAZxHanS9e0iNHpR8f2W
2QLbRVzixE282JSQjBz2DG,7Lmrb6KcIzfkmgbtokjsAL
2QLbRVzixE282JSQjBz2DG,0IhzJFf4QBEz0ifqLwScKV
58pgi1RpcU2fVJsxhm7BIr,0NiaKn55OzJswiYevvlKfz
1ere9b9vDw2N3m9d4uiXxa,3k68C6mNMJL6OaAdWeW2ZF
1ere9b9vDw2N3m9d4uiXxa,5JXhkyafynxCvxtov7C1PV
7EWXP47VlXKO3r7mNxuWHw,1AL2GKpmRrKXkYIcASuRFa
7EWXP47VlXKO3r7mNxuWHw,5Lv2GUVwqmQBPwrTrxucE5
2SUPbyD77tJuOUbqbxct6l,5Lv2GUVwqmQBPwrTrxucE5
2SUPbyD77tJuOUbqbxct6l,6gLW5LlLEXdtWaS0EWfzaJ
07AQkmp456NpEnT8HR7WLy,68YeXpLt3jB7JHQS5ZjMGo
07AQkmp456NpEnT8HR7WLy,5nP8x4uEFjAAmDzwOEc9b8
2nZj5YymF54qhAu7RneVP6,1LIuN7ov1IBQDdLsU83ojl
158ukl5rih76dOEsp0I91H,1elUiq4X7pxej6FRlrEzjM
7cgF1aSGBXWlTgNbon3g2p,0RPzmE1iY76tx1eBBXFyYn
7cgF1aSGBXWlTgNbon3g2p,48HORs6F9P7IgdyKrk4MZC
1HoapWs5KcMzs8QYdgg9Kt,43DRDu6nLSeIedZ7T1A616
1HoapWs5KcMzs8QYdgg9Kt,0RPzmE1iY76tx1eBBXFyYn
1HoapWs5KcMzs8QYdgg9Kt,3PZTvUS5fUUhV3EKAjqdZk
7IG7laqVpcvIIULrwWP5SA,28ie4NNTa2VW2QV4Zray8M
7IG7laqVpcvIIULrwWP5SA,6PERJZF7wohA034PAxDK0b
7IG7laqVpcvIIULrwWP5SA,25XJqeReVV38w0tR04GGBd
4Ls13Ag4SWnniiX4QLRltL,3TJGVUkSJzk5ZPixMFczZX
7GLWWrk1YlkPYqJK3ynIA0,1elUiq4X7pxej6FRlrEzjM
5glMxRMRHGBRj6bydBjoPM,5wbf52LA6kcaboHSN6NEF1
5glMxRMRHGBRj6bydBjoPM,1NNT7LXreEsY7C0bHlCWDp
5glMxRMRHGBRj6bydBjoPM,1AL2GKpmRrKXkYIcASuRFa
4AAIAVjSyiq1N7SXKkwXZe,1yR65psqiazQpeM79CcGh8
5m5aY6S9ttfIG157xli2Rs,487N2T9nIPEHrlTZLL3SQs
0DlHQxrVijRqVUfuS6PKaY,6xlRSRMLgZbsSNd0BMobwy
0DlHQxrVijRqVUfuS6PKaY,5YwzDz4RJfTiMHS4tdR5Lf
0DlHQxrVijRqVUfuS6PKaY,3CDoRporvSjdzTrm99a3gi
0QglpM23kl9ldvVdoYNZwF,1TYJOhNSxMOODWiDVhuyZb
0QglpM23kl9ldvVdoYNZwF,1mV9h1AwhRXSjBFcYpajgY
2pBEAodCImE4LgbKAG4bfz,5JXhkyafynxCvxtov7C1PV
2pBEAodCImE4LgbKAG4bfz,1AL2GKpmRrKXkYIcASuRFa
1Cqg0nJOZRyvltkof8tjqA,0MInKJqZscEeNc5K3K0mkE
5gTgQBtNP08fUijxpEgmzF,2Z0lRIqr997lIUiPtrpKCr
3HquWF2pZmWYu3WAEP9Heb,1oSgjdbgLYULVmEBojPRw8
3HquWF2pZmWYu3WAEP9Heb,48HORs6F9P7IgdyKrk4MZC
1mQOFRDoqI34LdN79PE0vH,1OwYxVDNKP9JtSpp5E0uA4
40zJaB3z53PGaxIkYyieBP,41QLxRXlc2NwfJZkHGHKid
40zJaB3z53PGaxIkYyieBP,1JQLCxphQYlnbokiEvfB8o
6sPBi0qLI6KM3yXX56NxsA,48HORs6F9P7IgdyKrk4MZC
6AMTUbWihFZOwOeHxZN2Ge,3TJGVUkSJzk5ZPixMFczZX
1JHvLQWHUoYuapwQikeDuD,22jNvLBrXGKr4CcV2tw8Ag
1JHvLQWHUoYuapwQikeDuD,7MiDcPa6UiV3In7lIM71IN
0WlmiIK5qFQ4dAB4mCA4sI,5Lv2GUVwqmQBPwrTrxucE5
0WlmiIK5qFQ4dAB4mCA4sI,1oSgjdbgLYULVmEBojPRw8
4wQUopWk9Ed7Ng5qpKN5qd,1cNPXWhKfjI0fT5EMCnamR
4wQUopWk9Ed7Ng5qpKN5qd,0RPzmE1iY76tx1eBBXFyYn
56F3ngwk3a42aLY0o5QgBF,7MiDcPa6UiV3In7lIM71IN
68cPbG7hJnwDW9nPX1uQcX,1WXbiUMl1AT9Inb619xPUg
68cPbG7hJnwDW9nPX1uQcX,25XJqeReVV38w0tR04GGBd
68cPbG7hJnwDW9nPX1uQcX,0y7B2G0jNMGWyQJsOoRMUt
1uA7fD01YlQr1Rm0oyNB4H,6m6e7D2TnV0aYMllFFwMxu
6m187iACTSAZDYMaV0klqj,0JjPiLQNgAFaEkwoy56B1C
2p04GXqx4j9sggMTFJpEBa,6ZiGAU6TJQEyidFQ22eIOS
2p04GXqx4j9sggMTFJpEBa,5icwIVKIEdJwzeHjQ6XYJG
3rRin3LyLY92kpEbkCgwf4,5Lv2GUVwqmQBPwrTrxucE5
3rRin3LyLY92kpEbkCgwf4,43DRDu6nLSeIedZ7T1A616
0YqTL3nSL36OFdHwHoqCag,4PzYKhC14sTJNEr0dzoo0d
0YqTL3nSL36OFdHwHoqCag,6tzRZ39aZlNqlUzQlkuhDV
0YqTL3nSL36OFdHwHoqCag,7FNnA9vBm6EKceENgCGRMb
2LOIoeI16A8jjKubPKoCSa,1sPg5EHuQXTMElpZ4iUgXe
2LOIoeI16A8jjKubPKoCSa,7dnT2FUXhjirperXaH22IJ
7lJoRyuNJtuiqTcKtuMuIR,0pcoadNMmvrUyab1RxWBoV
5H25WPPytKQcMfIPu0oEBO,17CbKzT0I4256iVuPvrZXr
5H25WPPytKQcMfIPu0oEBO,14jVHWj9dqpLhs8hHEMnyJ
6vnKRiOjUjYT59xl4awHTx,6m6e7D2TnV0aYMllFFwMxu
5ra6CI0pEzqjxPEZeBz0d7,0vLuOi2k62sHujIfplInlK
5R9KPXQVeyqsHZoPLMgfNy,37mqXU98U5GmH5ZDtlHM1c
5R9KPXQVeyqsHZoPLMgfNy,4NUePmzDvCYqilXBFa91Hg
0eoMMLrWtXbLk64baeESkc,0NsJZ5PMjqghGDuMzY7CuT
0eoMMLrWtXbLk64baeESkc,1elUiq4X7pxej6FRlrEzjM
2JTir3y1VuJQmexiTCMcTP,5Lv2GUVwqmQBPwrTrxucE5
6Fz0IEZ0qHeu3cEbRDqSnU,3vIccdVCJt0pImyvORjoQP
6Fz0IEZ0qHeu3cEbRDqSnU,4hcbbb8RBjFjCuMhmVv1b9
6Fz0IEZ0qHeu3cEbRDqSnU,6dTTAcKWN7BmRGAmmAsdeX
7HWoshfGrU2PjqAoqCegbt,3vIccdVCJt0pImyvORjoQP
7HWoshfGrU2PjqAoqCegbt,1eEQsoShF5WtugoY65IJ3i
589KeND3ebjbfhs5GfGGyx,4oopAFtLdKXCoq2XoEjDZD
589KeND3ebjbfhs5GfGGyx,42APSc9etBGptl3otzihIZ
11ZulcYY4lowvcQm4oe3VJ,3PyJHH2wyfQK3WZrk9rpmP
11ZulcYY4lowvcQm4oe3VJ,6lay1nwbE6hTx1jivysUAL
79s5XnCN4TJKTVMSmOx8Ep,0eDvMgVFoNV3TpwtrVCoTj
7vMfLEkDPhmDzybDSkITMW,556XyBuO17TCo0Bviw5nCW
2QjOHCTQ1Jl3zawyYOpxh6,77SW9BnxLY8rJ0RciFqkHh
7ytR5pFWmSjzHJIeQkgog4,4r63FhuTkUYltbVAg5TQnk
7ytR5pFWmSjzHJIeQkgog4,757aE44tKEUQEqRuT6GnEB
0PvFJmanyNQMseIFrU708S,0eDvMgVFoNV3TpwtrVCoTj
0PvFJmanyNQMseIFrU708S,5f7VJjfbwm532GiveGC0ZK
0PvFJmanyNQMseIFrU708S,4r63FhuTkUYltbVAg5TQnk
3eekarcy7kvN4yt5ZFzltW,0Y5tJX1MQlPlqiwlOH1tJY
2Oycxb8QbPkpHTo8ZrmG0B,5YGY8feqx7naU7z4HrwZM6
2Oycxb8QbPkpHTo8ZrmG0B,6M2wZ9GZgrQXHCFfjv46we
2MUIxQQ7YVvefJ17ZVFSId,4AZihrM3P96d5mA9kvsxxH
6W2jsJG6MPPJ6xTWcNEeHr,4FTXvsvz433gZR67rhxFfN
6W2jsJG6MPPJ6xTWcNEeHr,09dmaVobfJspAF2KEumlH8
2IxTTLlkB2hSUDn138o8uq,1UUQq3z2RCIqSE1eiP00Jv
2IxTTLlkB2hSUDn138o8uq,6VygwRDdLkyJFlJUVgHpF7
2IxTTLlkB2hSUDn138o8uq,0msxvaLjlsLIudZFYaRFCP
6i6vOcSD5WOwLJ2P2y3L84,556XyBuO17TCo0Bviw5nCW
6i6vOcSD5WOwLJ2P2y3L84,4M47drOmnvyfjvu7H3TFH2
6gBFPUFcJLzWGx4lenP6h2,0Y5tJX1MQlPlqiwlOH1tJY
17vGPZ5EsdvtgAOCD4FLWI,0eDvMgVFoNV3TpwtrVCoTj
7JvmJDDMZMvWaWARsWK9Da,7jVv8c5Fj3E9VhNjxT4snq
3aQem4jVGdhtg116TmJnHz,3TVXtAsR1Inumwj472S9r4
4eNOLmx8r2IJAVKvBBL1jv,6jGMq4yGs7aQzuGsMgVgZR
4eNOLmx8r2IJAVKvBBL1jv,6AgTAQt8XS6jRWi4sX7w49
4eNOLmx8r2IJAVKvBBL1jv,14CHVeJGrR5xgUGQFV5BVM
6F2r4HgpJnvKDmkN6JEN6J,1uNFoZAHBGtllmzznpCI3s
6F2r4HgpJnvKDmkN6JEN6J,6LuN9FCkKOj5PcnpouEgny
65OVbaJR5O1RmwOQx0875b,3TVXtAsR1Inumwj472S9r4
65OVbaJR5O1RmwOQx0875b,5f7VJjfbwm532GiveGC0ZK
1dg3qy5DjoJodawfOCgrTP,6jGMq4yGs7aQzuGsMgVgZR
1dg3qy5DjoJodawfOCgrTP,4DdkRBBYG6Yk9Ka8tdJ9BW
1dg3qy5DjoJodawfOCgrTP,3tJoFztHeIJkJWMrx0td2f
0zLCBJZSiELJf02ucPP9wb,0H39MdGGX6dbnnQPt6NQkZ
0zLCBJZSiELJf02ucPP9wb,5rGrDvrLOV2VV8SCFVGWlj
6YvqWjhGD8mB5QXcbcUKtx,06HL4z0CvFAxyc27GXpf02
7kDUspsoYfLkWnZR7qwHZl,6TIYQ3jFPwQSRmorSezPxX
7kDUspsoYfLkWnZR7qwHZl,2cFrymmkijnjDg9SS92EPM
1Ymx1Q7EXkxd7FwKypAQ6o,7thOJx5gcuoJcEcaoHsPAk
1Ymx1Q7EXkxd7FwKypAQ6o,0NnUMWDCDi1snuMja6IdxH
1Ymx1Q7EXkxd7FwKypAQ6o,1hUvMU3Sw9PKvnwftPtx8S
1C91EF0FrgTMat91LnsiUh,1SiLK8gdECx2iEm2SSj0Bl
3ymRYcYHxXMmyvCaKcJ46k,1SiLK8gdECx2iEm2SSj0Bl
4jOBQxq4Ffd8DDrsN4wPOR,0EFisYRi20PTADoJrifHrz
6Et5KimMg3IXwD6lJPGmQw,2DspEsT7UXGKd2VaaedgG4
6Et5KimMg3IXwD6lJPGmQw,1mcTU81TzQhprhouKaTkpq
5vQy9fwVJTeLsaX9IOpCcp,790FomKkXshlbRYZFtlgla
5vQy9fwVJTeLsaX9IOpCcp,1wZtkThiXbVNtj6hee6dz9
5vQy9fwVJTeLsaX9IOpCcp,1SupJlEpv7RS2tPNRaHViT
5vQy9fwVJTeLsaX9IOpCcp,6p2442ymrT9lZEuCZJdYcH
5vQy9fwVJTeLsaX9IOpCcp,1pgDilWYDWLoOgGjf1iHNu
5vQy9fwVJTeLsaX9IOpCcp,5mgqYTU6dhKlEdi7DOy4uU
09WuqcTbf8iMRn8W4N8xBX,0tmwSHipWxN12fsoLcFU3B
09WuqcTbf8iMRn8W4N8xBX,1wZtkThiXbVNtj6hee6dz9
7wWqLiOmDfjGTwrz95niTD,1SiLK8gdECx2iEm2SSj0Bl
33IHBjSXpamVSajAQ3wSER,7rOlQwf8OuFLFQp4aydjBt
0EhpEsp4L0oRGM0vmeaN5e,1vyhD5VmyZ7KMfW5gqLgo5
0EhpEsp4L0oRGM0vmeaN5e,0GM7qgcRCORpGnfcN2tCiB
0EhpEsp4L0oRGM0vmeaN5e,6M2wZ9GZgrQXHCFfjv46we
0EhpEsp4L0oRGM0vmeaN5e,4q3ewBCX7sLwd24euuV69X
6exVzFtvqiO9zWqfT3Mn0M,7bbz4y8ash42ZebCD4jgze
7LE1K0lZyRFZjSlrnm7lfD,2cPqdH7XMvwaBJEVjheH8g
7LE1K0lZyRFZjSlrnm7lfD,7iK8PXO48WeuP03g8YR51W
7LE1K0lZyRFZjSlrnm7lfD,1mcTU81TzQhprhouKaTkpq
7LE1K0lZyRFZjSlrnm7lfD,2ydZrTy8U3kOMOzx20s3dg
7LE1K0lZyRFZjSlrnm7lfD,0EFisYRi20PTADoJrifHrz
7LE1K0lZyRFZjSlrnm7lfD,47MpMsUfWtgyIIBEFOr4FE
7LE1K0lZyRFZjSlrnm7lfD,1WMwuNKzEFtU6pPkdtryYS
1bwhDrXcAtqePp8mNJ0pTe,6W5uA6CNMf3hd2j4a2XWCx
360oH1CqXe9XXzbbi6hvyr,7gU9VyFRN3JWPJ5oHOil60
5BUl0EBl4tOmPtT9IN0UUP,1SxuyHZnLUFyFHGzdGaxZk
1SelxYHPb04GjUy0oYV1Jw,78Die3Gb8yaElTmGCa7m7N
1SelxYHPb04GjUy0oYV1Jw,6Te49r3A6f5BiIgBRxH7FH
5LYRIyhmlrDAQsYdHEvP0f,58wXmynHaAWI5hwlPZP3qL
5LYRIyhmlrDAQsYdHEvP0f,7J0JxtOPMKWufOraoIqjiH
7qezIDRM0E3WTW1lWxItug,2kXKa3aAFngGz2P4GjG5w2
7qezIDRM0E3WTW1lWxItug,6HkzZenXCsrdGcqMgWJECN
3bGGvbwbhq9kIMhHaXBdYL,6W5uA6CNMf3hd2j4a2XWCx
3bGGvbwbhq9kIMhHaXBdYL,2kXKa3aAFngGz2P4GjG5w2
7moGDROshDKDpuQxtQ3q4m,4fDx6CTJ4KWhnAg6TvwmWe
7moGDROshDKDpuQxtQ3q4m,6Te49r3A6f5BiIgBRxH7FH
5xriTc82DdSAGToWcixBKf,1f1DjtYgH6yBzBSiGteBJl
03cOUvF1fyW60AuUfUNiDc,2kXKa3aAFngGz2P4GjG5w2
03cOUvF1fyW60AuUfUNiDc,76Pl0epAMXVXJspaSuz8im
717QGTmZdkemDaCo1vQHG0,19u3RGWKsjmbg9eI6zAiNp
717QGTmZdkemDaCo1vQHG0,2kXKa3aAFngGz2P4GjG5w2
717QGTmZdkemDaCo1vQHG0,5RaQ9nmVGoTye2SI76x3yw
717QGTmZdkemDaCo1vQHG0,3IW7ScrzXmPvZhB27hmfgy
717QGTmZdkemDaCo1vQHG0,6W5uA6CNMf3hd2j4a2XWCx
717QGTmZdkemDaCo1vQHG0,0oeiA5U9u1U45Gos5cywUU
717QGTmZdkemDaCo1vQHG0,2IoSLl3tqYMq9DzR0d6NJN
717QGTmZdkemDaCo1vQHG0,7FXX45sHqoQoCwqtG0ZV8H
717QGTmZdkemDaCo1vQHG0,6zrOXBaNn0DqJeXxgC2eyH
54rHJPDt8DUE2RtSg6Bsrf,63MCBZRiUdnqRsAOJwijiB
54rHJPDt8DUE2RtSg6Bsrf,6Te49r3A6f5BiIgBRxH7FH
54rHJPDt8DUE2RtSg6Bsrf,2kXKa3aAFngGz2P4GjG5w2
5SqR7dxbJiTSadTaVEhZ04,2kIs76sEGiulKeqetZq6ua
2vd2HEhrkafOi2uveHjzzh,2z2TRvloJt4EfUNQp9rHAi
2vd2HEhrkafOi2uveHjzzh,3IW7ScrzXmPvZhB27hmfgy
2vd2HEhrkafOi2uveHjzzh,6W5uA6CNMf3hd2j4a2XWCx
7uCLrBdy5FH6T7vcJzqRd7,15jZ8OLtnGATWHlQkltG7f
7uCLrBdy5FH6T7vcJzqRd7,05hirnMeVIzCrcUxbrysZU
3IWsDAFAwPNVnnTeQyUj7w,46wEUZyujVrFSrdCnTKQmV
3IWsDAFAwPNVnnTeQyUj7w,5nH2klYTzn8CNvUv1GOGQO
25PVU9aowaP69bSYRBe3sj,5gqmbbfjcikQBzPB5Hv13I
25PVU9aowaP69bSYRBe3sj,3vUMXQ9kPnZAQkMkZZ7Hfh
0i5GJckWb9uCZU4jcGoBca,6Te49r3A6f5BiIgBRxH7FH
3BDHFeYIrqGpL8HNkuI6zv,2kXKa3aAFngGz2P4GjG5w2
5cpJFiNwYyWwFLH0V6B3N8,1i8SpTcr7yvPOmcqrbnVXY
5cpJFiNwYyWwFLH0V6B3N8,5cj0lLjcoR7YOSnhnX0Po5
5cpJFiNwYyWwFLH0V6B3N8,5WUlDfRSoLAfcVSX1WnrxN
1p9dxTMtG4gZpLp7yzvT54,5MynxBz4ZMqvUzpcxTZl4C
52yZydTRNmxinmjt5hjk95,2kXKa3aAFngGz2P4GjG5w2
0Z8DRG0HgZJ1bIhCQqyzPo,5nH2klYTzn8CNvUv1GOGQO
2iPFEYnitXLl4lSxvqZI3m,0LKAV3zJ8a8AIGnyc5OvfB
2iPFEYnitXLl4lSxvqZI3m,58wXmynHaAWI5hwlPZP3qL
1j9kCQ1R2mh2AAieXmZOZ5,5hREZP0zTQbTLkZ2M8RS4v
59o6ojGNGJOYiVJSzC6Lsa,1Cs0zKBU1kc0i8ypK3B9ai
59o6ojGNGJOYiVJSzC6Lsa,0fA0VVWsXO9YnASrzqfmYu
66tNDqYNR2S6Svwgm3BMi9,66Ok6bgC570sHkw08N20pZ
0qPcwdfndSahEBm4pPGZYq,2kXKa3aAFngGz2P4GjG5w2
6MHUYde9edp2cjzwYgIjiw,2UwqpfQtNuhBwviIC0f2ie
2hL0WVDLvlxZ60J4YyWvFW,2EFpb61Lpi0l5ldOiqbZkK
20IGCreXC8TeuEo3RoQZwh,7oWrEQO1d3klp0Qrfh7a5h
5z9GzmGD3bXsSXQHqMCON7,4VuARVJiWGsH2msKTdsKdQ
5z9GzmGD3bXsSXQHqMCON7,4sVieJlKgpZ2k9ESNS5IdN
58GxgFEG5uHc9oMhofuuIP,7qXzy6c5RWT0XlVQcOBIDG
58GxgFEG5uHc9oMhofuuIP,5Yo5iU2nf4H41waPl4ZnS1
4ioQKdmkdBTkqjhfHeu4YU,2jXb8AWz82Sn3RRGOaia7a
0nYSnbFVX5ghrERjwVZgwZ,3nDNDLcZuSto4k9u4AbcLB
4allObWlgZ21WeVKbxSIlk,6h1s4i4XKIYv4ErDelLDN0
46wfWiR8pRgKWcE8KOGbpp,76dRoxKtDwYkgCQePok9cU
46wfWiR8pRgKWcE8KOGbpp,1SnSPHBs8l5iAvoWF0aO05
46wfWiR8pRgKWcE8KOGbpp,4WoSAKuoaPxrbwp3Y1PvKb
54OBgO0Xwu20Jak9TMXbR7,1PKErrAhYFdfrDymGHRQRo
1dXz1boMWgpeiNcTK3jRtU,2rEVnwCPBeGkWMv425KoG1
5jYDCxuSx1mfApeWA4SlqX,12xme1fwd3iGEW7rF9b6tp
6hw1Sy9wZ8UCxYGdpKrU6M,1qQLhymHXFPtP5U8KNKsm6
63bWXWGcWnRQvdS8bJWdkB,0NGAZxHanS9e0iNHpR8f2W
63bWXWGcWnRQvdS8bJWdkB,1kiq2kUV0cbLUhJsr7cpW0
06sDxr7MbbwFyTP1f6rvvl,5jewGMrZtMNJk5OsZ61Cpo
63QmxPL3QlchvXcHLsI6UM,3tvtGR8HzMHDbkLeZrFiBI
2Mpuy9fsafkQxX3DSow9xw,3tvtGR8HzMHDbkLeZrFiBI
32QnXosZq7A11knnBAEqk7,3tvtGR8HzMHDbkLeZrFiBI
4ckh5VN2HYQ8TzS51Nh7ol,2MVfNjocvNrE03cQuxpsWK
4xL01OuFjqizPDclF8gDpl,1SCaQu3jTbcKIjy8aC7KHa
4xL01OuFjqizPDclF8gDpl,3tvtGR8HzMHDbkLeZrFiBI
2pn8dNVSpYnAtlKFC8Q0DJ,3eVa5w3URK5duf6eyVDbu9
0Q3jOuEpx8Esi2qZMQSghl,3tvtGR8HzMHDbkLeZrFiBI
3Cdpq0qhrgiwPRkR720FZf,1qW9Pi35NXnu7Q8KWyVYe6
3jBI3hvc9Z0FUcdyj7spEm,6B9YF4eOv99klogeZUzkYM
3OC84eKMxRJ4x0Hcwl9i4i,2JBUyLiFvpFPWdZGqIGYLD
1ubjsQj2DEqPMqC5CCwMEw,5r0xeBSRKRJ5Dm63XzTZhE
1ubjsQj2DEqPMqC5CCwMEw,3oONGjPFxkb1rqTtFx8fl2
4IkQXb1IdIziAJmO3FODo7,2QcZxAgcs2I1q7CtCkl6MI
3pciLZ7pj3WiwP8AmKdze8,6V1SwiosQqf5XvmoTMCGa9
2dHoVW9AxJVSRebPRyV2aA,3eVa5w3URK5duf6eyVDbu9
2w9A7fvq6ka5CB9l7wDZXG,0DwdA5ZgTJcIQ2uIhc110D
0pupuSkMBGpzsqG3fWcyPe,6V1SwiosQqf5XvmoTMCGa9
0Os0RD1apkQsWOeF2cV5w2,1VSepPOw3REo0L6LFeii0Q
5OPqZ5dEqrdPGatJgnZ8xG,7uzBKhYbCKBs53kDrO4Suc
4AoYnU8ckSUQnO7Ek0vy38,6FH5vFm7hqDm3UzEAYuizY
5xrtzzzikpG3BLbo4q1Yul,3HqSLMAZ3g3d5poNaI7GOU
7egdaSVtPnuW7YG821w7jz,1SCaQu3jTbcKIjy8aC7KHa
24tzRRz8r26gOmQB8PEZwv,3tvtGR8HzMHDbkLeZrFiBI
2WVbMoHdWCspdiEa7OnG1D,2MVfNjocvNrE03cQuxpsWK
1rTnGbIahUmq6fK8RWAXfd,1qW9Pi35NXnu7Q8KWyVYe6
1jVw3apCOogFU1mOquNIhC,1qW9Pi35NXnu7Q8KWyVYe6
5nCwjUUsmBuNZKn9Xu10Os,3HqSLMAZ3g3d5poNaI7GOU
0O7O4sssbFxoNoB4QRGra1,6f4srX54JFrLNK4aTJe2Sc
4t53NE3uBLkTwW9rUgiHC8,6jlz5QSUqbKE4vnzo2qfP1
1qc9E4zCJ5utXDQVIAZlkm,2zzKlxMsKTPMsZacZCPRNA
5x9Clj56YLmklm3Zikx2iF,0u3m5Sy2zsq4Gk0aduH9s7
69zgyr5HVKdInjeKpq1qHa,3TtgOeQcNkf9WVDA4xPBJM
53HxUdYRCRMdzYPG0qhGUP,1DgBVE3lCnC7Osg9zpAt6N
6MCjmGYlw6mQVWRFVgBRvB,64tJ2EAv1R6UaZqc4iOCyj
4SFknyjLcyTLJFPKD2m96o,41MozSoPIsD1dJM0CLPjZF
7dH0dpi751EoguDDg3xx6J,0ixzjrK1wkN2zWBXt3VW3W
0XZyF9lv6diMt4bxThOL0h,7jGn8qhLb48n7yMMNfAoHv
06XQvnJb53SUYmlWIhUXUi,64tJ2EAv1R6UaZqc4iOCyj
1zd35Y44Blc1CwwVbW3Qnk,64tJ2EAv1R6UaZqc4iOCyj
0iEzzJ3zmNQqATy2MilumS,3z8diLlUCkN1j9N9ZdnfBJ
3UHPGOkUcE4hE7sqBF4Snt,3Nrfpe0tUJi4K4DXYWgMUX
6EzZn96uOc9JsVGNRpx06n,6mEQK9m2krja6X1cfsAjfl
5RhWszHMSKzb7KiXk4Ae0M,7lbSsjYACZHn1MSDXPxNF2
0cSkn2l67csUljEy0EEBPn,0blbVefuxOGltDBa00dspv
08YwAPnX8sygJUXG9rvhDv,64tJ2EAv1R6UaZqc4iOCyj
6y4GYuZszeXNOXuBFsJlos,58oPVy7oihAEXE0Ott6JOf
0jfFu1W96AlrsMqXSZZlSt,3z8diLlUCkN1j9N9ZdnfBJ
465JzFiajJO59sUrDFsxdC,64tJ2EAv1R6UaZqc4iOCyj
7AIj86wFWqm7X1TZ2hzHwS,6n4SsAp5VjvIBg3s9QCcPX
1LnJVIG1BaHTRznuOgR0yc,3z8diLlUCkN1j9N9ZdnfBJ
7DyS11kB1YNrfDzQqtjmTh,7JthQ6zwNzfxRfIEjp6wUs
3EYWY7XBj1BkCKX3R3hoZk,3jpPlA4ASvE9TlObazOIee
5D9MPWdY2hjSeTIGE5n5kv,64tJ2EAv1R6UaZqc4iOCyj
2Gmyw5Vg2X5YW2lM3OC7nD,7kOrrFIBIBc8uCu2zbxbLv
1iEsGutpDvMJG0zYqoKKmQ,5kVZa4lFUmAQlBogl1fkd6
37IPQgBkvbmH9JR5mlY6a8,3BjFX1nExMNHvSaoLd1I1k
5DgAgJbHcm74RyA9YKj6k1,3z8diLlUCkN1j9N9ZdnfBJ
4Jv7U0JJpbQnOrjtDwDZTZ,5kVZa4lFUmAQlBogl1fkd6
5Ym4egUmT9wHEvZM2anGG8,2IUl3m1H1EQ7QfNbNWvgru
0JTjZnuciQH4M3620aMDtZ,0ixzjrK1wkN2zWBXt3VW3W
7D7GCO3CtDT1WDcj2W5VDV,6mEQK9m2krja6X1cfsAjfl
398dL22bDbKbAmiOnPaq7o,64tJ2EAv1R6UaZqc4iOCyj
25BJRpLBe3i6d8okphoRAm,0jJmZHZHNe8n24Y33z5Nil
6sIx7Cn37DGEhjy9hBP8Gx,0jJmZHZHNe8n24Y33z5Nil
15HNdxGKNCIO9pgaY4n7FU,5Vo1hnCRmCM6M4thZCInCj
172fMG26G2OoEzzg0wn26r,6wxfx1yhyqjCPYwwxJktR2
18nkY3pJTub8WwEGiQAGh4,2IUl3m1H1EQ7QfNbNWvgru
278JqkBGkjDovOYAwE8TW7,5Vo1hnCRmCM6M4thZCInCj
7tGDXCPLpAScEwmqab9YZd,0jWCX6zp4RjWrmZRxJ2uri
6H0PLsSYMzDOqhLgyOlzIj,1snhtMLeb2DYoMOcVbb8iB
4pRqq3MwcqitKqNO8rOrOb,5Vo1hnCRmCM6M4thZCInCj
0qMip0B2D4ePEjBJvAtYre,0blbVefuxOGltDBa00dspv
6uUtmCz8XXep7n1QmC1jJG,2sd5k8N8cAOm6Q8OCcePw4
6uUtmCz8XXep7n1QmC1jJG,31iJDnqpS43YIG18nTFx14
1sIIlVrnPhrvmTrHtzM7tV,4QvgGvpgzgyUOo8Yp8LDm9
1sIIlVrnPhrvmTrHtzM7tV,71hQB5jxdNiHk5gzZRhicQ
6c5k0VC9TBzlcKwtjpzFW2,7HwzlRPa9Ad0I8rK0FPzzK
2FHexlZenTsS3lsjUYHiDx,38WbKH6oKAZskBhqDFA8Uj
3wJHCry960drNlAUGrJLmz,4UK2Lzi6fBfUi9rpDt6cik
3Ys2PYl1wyPKQIwyqhP9cQ,3Nrfpe0tUJi4K4DXYWgMUX
2cKiHG16JBiqHdi7Llq0r7,5kVZa4lFUmAQlBogl1fkd6
2SihT7AVMiI2VtaAyVIcnO,1t17z3vfuc82cxSDMrvryJ
249gnXrbfmV8NG6jTEMSwD,3Nrfpe0tUJi4K4DXYWgMUX
786dSB84yrSaICJwCT7VxP,32QmJ5obSke8YKDbQvVPUx
2vOAHp8PBBFYqvQUWSoITY,4QvgGvpgzgyUOo8Yp8LDm9
7D93pJcwymzaZx8WgBo2zG,1mcTU81TzQhprhouKaTkpq
7E9GeFGfjXw9LAI4ay6rsw,1dKdetem2xEmjgvyymzytS
7E9GeFGfjXw9LAI4ay6rsw,66ihevNkSYNzRAl44dx6jJ
4nbWX2HzrOEnX4xxvYRCyU,0my6Pg4I28dVcZLSpAkqhv
4nbWX2HzrOEnX4xxvYRCyU,25UNJbwGZSQKvz5cPLWlv3
4nTduFjaTmGysc9WKNuCcs,28gNT5KBp7IjEOQoevXf9N
2zY1iTaEgs8ROkkWtWLe7l,28gNT5KBp7IjEOQoevXf9N
1s59X35jDULAyOGmBuTAnd,3hTffafUYLLgO4yuPAxb5U
1s59X35jDULAyOGmBuTAnd,1dKdetem2xEmjgvyymzytS
0fea68AdmYNygeTGI4RC18,1vyhD5VmyZ7KMfW5gqLgo5
0fea68AdmYNygeTGI4RC18,4q3ewBCX7sLwd24euuV69X
0vtYnEw1eJwW26BrBnOAYJ,2C6i0I5RiGzDKN9IAF8reh
4jcxBTrNvyqMJdMDyyjdYV,0XwVARXT135rw8lyw1EeWP
4jcxBTrNvyqMJdMDyyjdYV,3abT87tqQ4Q5PA5nw6CYyH
11EnQRgRMJwMAesfkB5pnu,6i3DxIlAqnDkwELLw4aVrx
11EnQRgRMJwMAesfkB5pnu,0BqURncJM5B1BBu7UM51eq
2MJz8BxxMsERULatmBikDH,1W7FNibLa0O0b572tB2w7t
1aEsTgCsv8nOjEgyEoRCpS,3gIRvgZssIb9aiirIg0nI3
1aEsTgCsv8nOjEgyEoRCpS,5JMLG56F1X5mFmWNmS0iAp
7F1CiKqrY44kh5cDqwHOnx,20DZAfCuP1TKZl5KcY7z3Q
7F1CiKqrY44kh5cDqwHOnx,6d0ZjIp5L7Ygy2l02HskRX
5cU1O9P0EDA0rPkPDykhIm,5fEQLwq1BWWQNR8GzhOIvi
2b8fOow8UzyDFAE27YhOZM,04gDigrS5kc9YWfZHwBETP
6vFsBXYczYsP0H3lgunZOm,2vnB6tuQMaQpORiRdvXF9H
161DnLWsx1i3u1JT05lzqU,0du5cEVh5yTK9QJze8zA0C
3t8M86tiO0aKMMTXzRrFn8,1SZdTuxme3mOk0D9pUFrET
2gMXnyrvIjhVBUZwvLZDMP,4GNC7GD6oZMSxPGyXy4MNB
56wVfJKtnwlSZtC4NVgIrf,2elBjNSdBE2Y3f0j1mjrql
56wVfJKtnwlSZtC4NVgIrf,6H93wOohK6r1MwGh41Z4Nb
4xqrdfXkTW4T0RauPLv3WA,4Uc8Dsxct0oMqx0P6i60ea
2gug6MRv4xQFYi9LA3PJCS,5fEQLwq1BWWQNR8GzhOIvi
1qrpoAMXodY6895hGKoUpA,06HL4z0CvFAxyc27GXpf02
5uCax9HTNlzGybIStD3vDh,4IWBUUAFIplrNtaOHcJPRM
74nVCj4vMVemLIs71vXcnP,2NJLAUSe3Ifk9MiHbddRAi
2VJOpzv5sBpstCX9venJr5,7t5H3uQv0Zw6cQUnSTF5BB
7CZRguMolNqIobnXxpV735,3HqSLMAZ3g3d5poNaI7GOU
5BXr7hYZQOeRttkeWYTq5S,01XYiBYaoMJcNhPokrg0l0
6kH1sKkvgN4Yikake52glq,7t5H3uQv0Zw6cQUnSTF5BB
0BBUGRUURDjwcXmDS3kQkN,2hRQKC0gqlZGPrmUKbcchR
0pYacDCZuRhcrwGUA5nTBe,3HqSLMAZ3g3d5poNaI7GOU
0pYacDCZuRhcrwGUA5nTBe,0ebNdVaOfp6N0oZ1guIxM8
2j0MsDAMJ2ahsxP3z86ChI,3HqSLMAZ3g3d5poNaI7GOU
4Ws314Ylb27BVsvlZOy30C,41MozSoPIsD1dJM0CLPjZF
46wDG6evLn2iPoQ0F8CUWk,3HqSLMAZ3g3d5poNaI7GOU
462OPOKW0VMbvW9H7HIb0U,2hRQKC0gqlZGPrmUKbcchR
1IJxbEXfgiKuRx6oXMX87e,3HqSLMAZ3g3d5poNaI7GOU
6JeleVHUHrdvgiFESE33ZU,7IEhlwWQA7pCkEvzwwHehE
64P4md3mdMM8Dog2aThmzj,3HqSLMAZ3g3d5poNaI7GOU
64P4md3mdMM8Dog2aThmzj,3eCd0TZrBPm2n9cDG6yWfF
4Dr2hJ3EnVh2Aaot6fRwDO,3HqSLMAZ3g3d5poNaI7GOU
6rcwrRWKyjaFyUL8b8GlIJ,3HqSLMAZ3g3d5poNaI7GOU
5KawlOMHjWeUjQtnuRs22c,3Nrfpe0tUJi4K4DXYWgMUX
5KawlOMHjWeUjQtnuRs22c,26VFTg2z8YR0cCuwLzESi2
2pNJ0TsgiRc4mGdYHazD5w,0BqRGrwqndrtNkojXiqIzL
60VaORSJ5x1D4ZPSc0g2En,4ufh0WuMZh6y4Dmdnklvdl
2M7a2Us8CEU1HZHj70byGX,3HqSLMAZ3g3d5poNaI7GOU
37LhFxchiyAJVop5JgRZgY,0FRUZvZNPzM3YJMABJxf2K
6Im9k8u9iIzKMrmV7BWtlF,66CXWjxzNUsdJxJ2JdwvnR
0KVClXxsZEKkyWRNXeRFrE,3HqSLMAZ3g3d5poNaI7GOU
7FGdjbZ32vMybPuP0IuE7d,5F1aAS1duwlzExnPs3l2Xe
7FGdjbZ32vMybPuP0IuE7d,3hcs9uc56yIGFCSy9leWe7
4Iedi94TIaB2GGb1nMB68v,5f7VJjfbwm532GiveGC0ZK
7HsjuVBM93Z2RoxjpWLgTT,45TgXXqMDdF8BkjA83OM7z
7HsjuVBM93Z2RoxjpWLgTT,6AgTAQt8XS6jRWi4sX7w49
6toQdWWc4noiOk3Eo5mVDS,3Y2MLcrD3ZQXRXmtn4fZQx
6toQdWWc4noiOk3Eo5mVDS,4r63FhuTkUYltbVAg5TQnk
2z0IupRlVRlDN5r2IVqHyN,3YQKmKGau1PzlVlkL1iodx
2SAqBLGA283SUiwJ3xOUVI,3TVXtAsR1Inumwj472S9r4
2SAqBLGA283SUiwJ3xOUVI,3hcs9uc56yIGFCSy9leWe7
4KIkADzoVm3A10E9qyjsQ5,45gHcnDnMC15sgx3VL7ROG
4KIkADzoVm3A10E9qyjsQ5,757aE44tKEUQEqRuT6GnEB
7zJYbquljYLkTShkGhiBTX,3Oa0mJQWQrUOqJ8fcLuu7l
7zJYbquljYLkTShkGhiBTX,19qLtUQKu1KK3UrQtIoVXF
7zJYbquljYLkTShkGhiBTX,2YaMctZMRwW4wYlkvwLKA9
7zJYbquljYLkTShkGhiBTX,14MDqT8L01RPVlJc0BqLLA
7zJYbquljYLkTShkGhiBTX,0WY9mEje7cFCoFiEM61QxK
7zJYbquljYLkTShkGhiBTX,2ZGKeAifXevdflBY7kWnyL
4ckpR1gCb3PuoDAbEA9a66,414pDI8Y502owCbg7U6Skf
4ckpR1gCb3PuoDAbEA9a66,4QkKUb73NVonTlAZaShsuY
4ckpR1gCb3PuoDAbEA9a66,3qo2q05gFa09MXrEZltr7q
4nLJnkaFq9VNYVz1SxJsXi,1w2P5nNsO5W7FYq2Oui0cM
4nLJnkaFq9VNYVz1SxJsXi,4QkKUb73NVonTlAZaShsuY
4nLJnkaFq9VNYVz1SxJsXi,25uuaH9QdKIygoWTDzKuve
2H1hYPeKgIQAp439cx7GsX,2TcrjcSngRPpgZxmIlPdym
2H1hYPeKgIQAp439cx7GsX,14MDqT8L01RPVlJc0BqLLA
2H1hYPeKgIQAp439cx7GsX,7ewc3ni3IAtqLygEnDi66K
2H1hYPeKgIQAp439cx7GsX,1nVEvn7RMNxj27rn0WE13E
2H1hYPeKgIQAp439cx7GsX,1eQJUHJRurFXGd3j8i8W4x
2H1hYPeKgIQAp439cx7GsX,6ucYQLJMMVyN1nO4GebaV2
7ke2C0XWkZFo1PaVZjh2aF,1nVEvn7RMNxj27rn0WE13E
7ke2C0XWkZFo1PaVZjh2aF,1bNjWBFWsAAzZSR59lRdpR
7ke2C0XWkZFo1PaVZjh2aF,1eQJUHJRurFXGd3j8i8W4x
7ke2C0XWkZFo1PaVZjh2aF,6fHE8xZBCxzwer9DIbOmv4
1shPobG6XTGg5ryUEtSkzK,3ciriYzsPraVHAuNLA1ylh
1shPobG6XTGg5ryUEtSkzK,6Z5VQ8F6nxj5FzwYjeNC4h
1shPobG6XTGg5ryUEtSkzK,2eg1CxsZjnfjNO1O2LDk8X
32dzOvkFzmjEPjPidQRxU4,2J1TbsWFTYT0LHNSX897xS
32dzOvkFzmjEPjPidQRxU4,7MKSufJrPmpqpg2mVWJET1
32dzOvkFzmjEPjPidQRxU4,25IVkspnS4ZKKxGVyOgVnK
32dzOvkFzmjEPjPidQRxU4,1w2P5nNsO5W7FYq2Oui0cM
2a1O7kNCzspA2otqOpS4fV,2TcrjcSngRPpgZxmIlPdym
2a1O7kNCzspA2otqOpS4fV,1Xsc9W40JwWXHxlsym2Vpn
2a1O7kNCzspA2otqOpS4fV,5803cw4KZi2vLtcKxRJV8F
1jUn1Fnx0cptNd71CIBWiO,7hdf9DSpgCpqVh03Ql1LKe
0SZtkfDkXwoZshG9hv98WR,1eQJUHJRurFXGd3j8i8W4x
0SZtkfDkXwoZshG9hv98WR,3Oa0mJQWQrUOqJ8fcLuu7l
0SZtkfDkXwoZshG9hv98WR,1nVEvn7RMNxj27rn0WE13E
0SZtkfDkXwoZshG9hv98WR,3sznqsdJNWJ0pz21q6kTrQ
0SZtkfDkXwoZshG9hv98WR,2TcrjcSngRPpgZxmIlPdym
2PgDbeuhqT2vY6fOe15PDf,71lldVkx3POgVXXTe5Pqoa
2PgDbeuhqT2vY6fOe15PDf,1eQJUHJRurFXGd3j8i8W4x
2PgDbeuhqT2vY6fOe15PDf,1nVEvn7RMNxj27rn0WE13E
2PgDbeuhqT2vY6fOe15PDf,41uk6Pr8mGHGkxK79hgF9X
2PgDbeuhqT2vY6fOe15PDf,3RUkVCv0E5vkTbR2g4NmEz
52j3P6Wla1UVgG2aMCn6Sv,1nVEvn7RMNxj27rn0WE13E
52j3P6Wla1UVgG2aMCn6Sv,1roTzbKGDx7ZFBA5oibNPW
52j3P6Wla1UVgG2aMCn6Sv,7ewc3ni3IAtqLygEnDi66K
52j3P6Wla1UVgG2aMCn6Sv,14MDqT8L01RPVlJc0BqLLA
5mhdV4sZBPbjK8EcNy2DWA,6U3gCOvxVWKBxXItqp3mdr
5RYqeL42n0Ta7OvSuc36ZJ,0MIG6gMcQTSvFbKvUwK0id
7G7imfBQoQNaFAZEElFX1P,56VhOZOF6hwqrbNYwkmcsH
7G7imfBQoQNaFAZEElFX1P,2F9grKyrjes3vaNiPIvyWg
3OcyTN8Nz3bdne5aq9mMR5,56VhOZOF6hwqrbNYwkmcsH
2qcMsA3iyaDAELRijqwKcg,0TMvoNR0AIJV138mHY6jdE
7fuvhZxxLou4qRRo4Z63wE,0TMvoNR0AIJV138mHY6jdE
7fuvhZxxLou4qRRo4Z63wE,5XGkLMcwitYFdwroktQs7o
5vteuuQ7C2pAqPF8Bnx5Nr,1oxn6cQ37twQ7yGnlE3ETd
5vteuuQ7C2pAqPF8Bnx5Nr,1yq2JzsqbzFbJ1B7wGOXLc
5vteuuQ7C2pAqPF8Bnx5Nr,4zvO09rVUIVTeALhs6xLoB
5vteuuQ7C2pAqPF8Bnx5Nr,5VnJPtvfHh4fPlHDzXjvLP
5X8MHjwopQGyf0ZRM6nPix,4rneSQYWhgIT9pMX2NwpeM
5X8MHjwopQGyf0ZRM6nPix,3Mnrb43jb3hiASpyCvaZpy
1ViGe38tmbdDapmz5ReZQR,4rneSQYWhgIT9pMX2NwpeM
27gknDBOqYJmOFYyaOBAfa,7uWyXPJ04ihdQdYGGw3xVV
7umEhzfURpGTSRbcX84qLy,0iBTVnJ1Sff92zCDujfvyJ
4yP4P2pHqtejjQ1l12J8bA,154o9Wi0JpSDbYQPMtmpd5
4yP4P2pHqtejjQ1l12J8bA,56VhOZOF6hwqrbNYwkmcsH
4yP4P2pHqtejjQ1l12J8bA,6cAstWrYVb1BxHyRQJJskF
5TQvScMhIE7Hb1xvXxyt9p,6QfFTZJHFSe9Xyes6DkAli
4XZxxP6ilbl56BooNjq7Ki,7uWyXPJ04ihdQdYGGw3xVV
4XZxxP6ilbl56BooNjq7Ki,7BIHYaTeyOxOKV7EyHF0Z4
0WdPGJazvbNorYCh9xNVhL,0tdKRrbItnLj40yUFi23jx
0WdPGJazvbNorYCh9xNVhL,6EB8VE9f7Ut6NOgviN6gDW
1k66TKeE51BtgF0q2ZOCOy,56VhOZOF6hwqrbNYwkmcsH
1k66TKeE51BtgF0q2ZOCOy,3OFZwEYEAKMEmUheZ8TKso
4a3fip00VzmP4cEr6exdvv,44FnIf8PhG6EQRIoENsXu3
4a3fip00VzmP4cEr6exdvv,2LI7lXaNJU420lffFWJUcT
2Y1Nd54Jrgciu2HtpP5ymM,56VhOZOF6hwqrbNYwkmcsH
26N0AElCFxUuGQ7YoYs0tU,1fZAAHNWdSM5gqbi9o5iEA
26N0AElCFxUuGQ7YoYs0tU,4nPxrGG7k7aEKmNLsfX4cd
6npsMnV7o71LwWMGsjsOsK,1fZAAHNWdSM5gqbi9o5iEA
79PexJOYIrfKZhwV6J3pUG,56VhOZOF6hwqrbNYwkmcsH
79PexJOYIrfKZhwV6J3pUG,3OFZwEYEAKMEmUheZ8TKso
1YYyfjeqq910iiPShYlAYj,0QR764k0D36npmTMWx5bft
18vIGGupRFoboQp2DuJJAG,2IHoZ3RrDJIikMRsYgHjhy
18vIGGupRFoboQp2DuJJAG,0x4xJCGDyTlKr47RF2WXzu
2qX1iJIRJDlVsBQbQkz6L0,6QfFTZJHFSe9Xyes6DkAli
2qX1iJIRJDlVsBQbQkz6L0,0WDJa0qnagyOnMaiD26wht
0vPVqOKo8LWVganQgBZS5y,0MIG6gMcQTSvFbKvUwK0id
7eBYMVok43QesT0KnuIkjn,1fxbULcd6ryMNc1usHoP0R
7eBYMVok43QesT0KnuIkjn,6NUBt2nj5uT4iLLTIMRxra
7eBYMVok43QesT0KnuIkjn,0tdKRrbItnLj40yUFi23jx
5fW7kCi1JS94MMFDepJvtb,7v49oVVUhvIQG5EK0jkcF7
5fW7kCi1JS94MMFDepJvtb,2GzZAv52VCMdVli7QzkteT
5fW7kCi1JS94MMFDepJvtb,0Wi2fADbhwXlPUWxBmzo99
2wMo0pUpFklPf5x47ZUR8I,79b4a4Bg30Y0RlO5de5jni
2wMo0pUpFklPf5x47ZUR8I,4nRJJWVfbPAULHZl7VYVE8
2sTuKKRZI1ciK5tflR00YE,0MIG6gMcQTSvFbKvUwK0id
2sTuKKRZI1ciK5tflR00YE,0wOt8jeUJ5usZySUWYa1KZ
2sTuKKRZI1ciK5tflR00YE,5beSF8YlCK4dml6zRZOHN7
2sTuKKRZI1ciK5tflR00YE,6cCUtZn3jxdqnDiOiUXHzI
1LLAKkLzUY6x4C4Vtqiolp,44FnIf8PhG6EQRIoENsXu3
1LLAKkLzUY6x4C4Vtqiolp,34Atpk8kle8mndOUwKblhK
3qivRyvKMWAznXNQZqEhsm,3B6UKFIsDwnJUKlJp7qQyU
3qivRyvKMWAznXNQZqEhsm,0awWNjR5qmSZsQVFAo2NsR
3qivRyvKMWAznXNQZqEhsm,3gm9b6AeMf2eGQTLashkDt
25vX1mMJilMWIc5Ht6hkGj,6MlVGjgieHwMJCPBjU41dN
25vX1mMJilMWIc5Ht6hkGj,1HX9uYVwH6HHGyE8xSgtUD
7HvMlXXpPKj3nYClkyoxbE,1oxn6cQ37twQ7yGnlE3ETd
7HvMlXXpPKj3nYClkyoxbE,1yq2JzsqbzFbJ1B7wGOXLc
7HvMlXXpPKj3nYClkyoxbE,4zvO09rVUIVTeALhs6xLoB
7HvMlXXpPKj3nYClkyoxbE,5VnJPtvfHh4fPlHDzXjvLP
7HvMlXXpPKj3nYClkyoxbE,53UpeT3katrOaJmhSiRp2a
6M399qo2yoIDnoOOQMbaZR,0TMvoNR0AIJV138mHY6jdE
6M399qo2yoIDnoOOQMbaZR,4iHE8t7vhPwUX0TrF4cETN
6M399qo2yoIDnoOOQMbaZR,4CrDEHL7ysNabeYvL3xjUX
38ulSoRgKwpxJjTLIKneDl,7v49oVVUhvIQG5EK0jkcF7
38ulSoRgKwpxJjTLIKneDl,6EB8VE9f7Ut6NOgviN6gDW
38ulSoRgKwpxJjTLIKneDl,6NUBt2nj5uT4iLLTIMRxra
62pq3YoAVXxbHCrrG9kse4,0QR764k0D36npmTMWx5bft
78L2RUFISfqkmZMTCLYQJC,0MIG6gMcQTSvFbKvUwK0id
7K9ZBquGaNNFMq84rNQLHh,3OFZwEYEAKMEmUheZ8TKso
7K9ZBquGaNNFMq84rNQLHh,3U5Oag04Yl2WnvPULOlsMD
7K9ZBquGaNNFMq84rNQLHh,1Kjs5u8GQf6zCFdTj6SI9E
7jP1BjqK9Qkbmk4rq3Vjdy,4Q3xLVaD2uBZGVxmCYuSkt
7jP1BjqK9Qkbmk4rq3Vjdy,001oyhl94fb7YKL6fVqHOo
52CBUrIdyf8tbZaUY9iawE,73B9bjqS2Z5KLXNGqXf64m
3S8jK1mGzQi24ilFb45DAZ,1uNFoZAHBGtllmzznpCI3s
3S8jK1mGzQi24ilFb45DAZ,5CiGnKThu5ctn9pBxv7DGa
6uwnCniz3o97vni5DCMXdT,5PCDJjJ5dx6Py83CvfvRIO
7ymW0G0fwclFDcik2TnUKP,0J1gUosYaFbrSG6FkbE4c7
2J4DpqJCIuuM9WjtWHbjvd,2jnIB6XdLvnJUeNTy5A0J2
7n5nvulc1oW1ErpeTrNezI,2UHBgxDvOBaIY7hQ8CEAmW
07MW63ok3ptSKwaTWEN0o8,1tM4ox3QsSpl3R2VwLjJ47
40xKUqawGB6TCTMgKDAIiG,48FNCGA8dKjcsfTO3TMcAV
7B3z0ySL9Rr0XvZEAjWZzM,3l0CmX0FuQjFxr8SK7Vqag
4HBZA5flZLE435QTztThqH,66CXWjxzNUsdJxJ2JdwvnR
4HBZA5flZLE435QTztThqH,1uNFoZAHBGtllmzznpCI3s
43qQhFkhKfHIB3I9gRXiJN,4a6rcjvQs6YOwK5sVlybKV
43qQhFkhKfHIB3I9gRXiJN,3O7w6MOsgE4B0oAUcE9RlE
43qQhFkhKfHIB3I9gRXiJN,63PZAg9EDmsVpftrqz1uih
5xwjEzvJ2OSdnHlzusKNYA,2LRoIwlKmHjgvigdNGBHNo
5xwjEzvJ2OSdnHlzusKNYA,51XrH5fQP2oIQynuKxSWcW
4e54PAuILqrhjr2ryuMvdq,2LRoIwlKmHjgvigdNGBHNo
4e54PAuILqrhjr2ryuMvdq,0SSbTivuMrvdqgCt7ln6jD
2CdTLdDjwZdVcm0bresVWx,1vyhD5VmyZ7KMfW5gqLgo5
2CdTLdDjwZdVcm0bresVWx,6LuN9FCkKOj5PcnpouEgny
0JAZWvvqttGFm4UMDsPQXC,1i8SpTcr7yvPOmcqrbnVXY
0JAZWvvqttGFm4UMDsPQXC,28gNT5KBp7IjEOQoevXf9N
41BzKiCrKpUQHS3TP0jmdr,1r4hJ1h58CWwUQe3MxPuau
26w9NTiE9NGjW1ZvIOd1So,4q3ewBCX7sLwd24euuV69X
1qfoq1qvZT7VwDVeekCJ97,0XwVARXT135rw8lyw1EeWP
6fmQjRuo7XvRFCK2qex5hQ,7f02bxFbZIOVdSbYRNYvLT
3GtnId3Cm1Xa6joCj08nzW,14zUHaJZo1mnYtn6IBRaRP
4vAReYtMpAAFK6cyTE8WkZ,7Ap8xCd7d0xon5XnkLvn4i
2UsR5UxsuKwJ2OovutZsjV,3pJK3CUpbnyX7ogDfAwa9J
29s2dhQ00vpr6eTI00Kc77,0BecZI4vqLoN178y3f16XJ
29s2dhQ00vpr6eTI00Kc77,1YwMnnHvnG64fJxYSVwmN6
7AOis8eAHeN5LmGdgVz6CU,1YwMnnHvnG64fJxYSVwmN6
5rexOvEwNWcOsa2OKPXpRC,2eBqkaIfoNsOPCQCQEy5fD
5rexOvEwNWcOsa2OKPXpRC,2KbikmQKGiUPR2ARs1h0sq
5rexOvEwNWcOsa2OKPXpRC,2d7AMvzFwh5wUTuqQl3BAE
5rexOvEwNWcOsa2OKPXpRC,2X22Hm97hQA8mFjSrn2foA
0i0Hc3bNrhoLjBNFH7U92N,3RYYha3CC7js2PHbcBHewt
696pTNllVLM7EK9wMIuYdJ,03WNJB1zKyqW8DimkHP4Bg
696pTNllVLM7EK9wMIuYdJ,2KbikmQKGiUPR2ARs1h0sq
6bGEf1NKIcpuqlo4BfLy7V,5SwsSD9zyWaWeVyK9qIW9l
7b0mc5QNr1YrLPinSDfFnC,6a3WaWgxrVmNIvaiTCI0Kk
5x6ggDM895CRGHxS3dwRHz,5SwsSD9zyWaWeVyK9qIW9l
4O6f7F3B9Pfijng54ODN6H,323gjVOWgnKGW3VuT8VKTx
4O6f7F3B9Pfijng54ODN6H,7wy9Plp8SD5l3LDuJubTcv
6WELXrF1hsdUZEcasR1DGG,7wy9Plp8SD5l3LDuJubTcv
0qA2qykpcGdVl3tiiYum4g,2d7AMvzFwh5wUTuqQl3BAE
0qA2qykpcGdVl3tiiYum4g,6idjJt47PjFydVRrAlNw4C
3pHt7ZLOM4GJQKqorMzeon,3zDRCqOhJXJfS2YWOEwGMC
3VEvsFY82950YaqNz2vvyr,7wrulS1dfanckBnoxxEuS6
2UjIxGLvpVnMV4PEpdhVAp,4ysmSq2N7badobfVT6YZ82
2UjIxGLvpVnMV4PEpdhVAp,03WNJB1zKyqW8DimkHP4Bg
2D3WwsWSJWNMnglP4KnDXf,4uvOZHqwKYuWz1ywTBN5En
7GT52p7q3ZeE97R6L8w5lU,1YwMnnHvnG64fJxYSVwmN6
7GT52p7q3ZeE97R6L8w5lU,25u4wHJWxCA9vO0CzxAbK7
0qUlNrJSXzvOvSCOqVwZdc,0i7DYzkG8u0ScquFnDUuvT
0qUlNrJSXzvOvSCOqVwZdc,7Ap8xCd7d0xon5XnkLvn4i
0qUlNrJSXzvOvSCOqVwZdc,4nXezpatStChCEWVvYLjd5
0qUlNrJSXzvOvSCOqVwZdc,6l2TcYHKMr6XQn5hxfD48E
0qUlNrJSXzvOvSCOqVwZdc,36mHwYa65L0WZbAXY2iSGw
46EJP4xRtHEzOthuhDqo54,1YwMnnHvnG64fJxYSVwmN6
0UkjMIfspaFG1TE0Op75sy,2hyMuTjcOQsuC1QV0paUBA
1OamekRfbvahxhtMmojfbK,7EJcUkbBsR4kN822bEa0ZS
1OamekRfbvahxhtMmojfbK,1YwMnnHvnG64fJxYSVwmN6
1OamekRfbvahxhtMmojfbK,3tNPDodRNuLdezJnTsYOqy
5KLDajsSLvA5n2zTwKycvF,7EuzcvdfScUqksgKfyN7J0
2qzW5AK8ldKUOWUETwAkZY,6Ip8FS7vWT1uKkJSweANQK
3Iba59sFmGhQ4kbCY5L8AX,5SHxzwjek1Pipl1Yk11UHv
7pnQ23WgZca9jEfMts9qsR,1WO1hFAkFbeo9tV3uVX7Dy
5erCwioOcRwP59NJUAtEK3,5VadK1havLhK1OpKYsXv9y
5erCwioOcRwP59NJUAtEK3,5KKpBU5eC2tJDzf0wmlRp2
4I5bvu2KDsrCg0EWHIcvul,1zNqDE7qDGCsyzJwohVaoX
4I5bvu2KDsrCg0EWHIcvul,1nzgtKYFckznkcVMR3Gg4z
4I5bvu2KDsrCg0EWHIcvul,5fyDppLDl1juIu1BcUT5zh
15OCqNPYoLziEAsbVnqRj5,3GxKJzJK4LpsYGXQrw77wz
0UCKUJU94sx8XBQnaNsRkB,5H4yInM5zmHqpKIoMNAx4r
44xO8889yUQHn70P73NILS,6YCM9JwkqdEFQSzztmh4Kb
4CH0dVylkeBPydRM7AaG8g,7nDsS0l5ZAzMedVRKPP8F1
4CH0dVylkeBPydRM7AaG8g,5SHxzwjek1Pipl1Yk11UHv
1w6Gcw670LjrAnrbAWObqT,6Ip8FS7vWT1uKkJSweANQK
1w6Gcw670LjrAnrbAWObqT,2gIHyzlzKxntjQWf8xAGaI
5J5CpT6bgE6KYKk23jgp9W,1nzgtKYFckznkcVMR3Gg4z
5J5CpT6bgE6KYKk23jgp9W,6Ad91Jof8Niiw0lGLLi3NW
5J5CpT6bgE6KYKk23jgp9W,6AgTAQt8XS6jRWi4sX7w49
055Mme9ReKK99jRFA5UJ55,2s7Oijd4mFGgEkhYJtf3sJ
003vvx7Niy0yvhvHt4a68B,0C0XlULifJtAgn6ZNCW2eu
1tLV0GD0WXQ1Z8BKOQscti,5H4yInM5zmHqpKIoMNAx4r
0b18g3G5spr4ZCkz7Y6Q0Q,6QMABvTzixnxzsLYyhqRxI
0b18g3G5spr4ZCkz7Y6Q0Q,54R6Y0I7jGUCveDTtI21nb
4vzJrkfHbCGaodPA5RY5BV,5H4yInM5zmHqpKIoMNAx4r
5KfEZIfXixRmVadOEMfzum,1AM52XHXnWAEqnQwpxTLWm
72t3CRd8YEFrlc3x0OVaob,51DevdOxIJin6DB1FXJpD1
5SrPeOqm3SBecyiAsI9HTT,5FqTuN42w2zGw4Pzd50yaS
5SrPeOqm3SBecyiAsI9HTT,6CPZWzcKiOKkHn4L2XI4i2
1r56JjG9mRobTXWfb7UGvO,6LnJKrtFnTEGdbWQ2riWCL
5jvhTc0g18kwYQNUJM5C4e,51DevdOxIJin6DB1FXJpD1
10n66m41IGjA2ZulKPK7Ew,2aZlYOswKNlrwqpuTsckKd
3HEfzQob3O16TIDMPC8PTx,0L3wrFI3QcbXAvFL7IaPQX
3HEfzQob3O16TIDMPC8PTx,51DevdOxIJin6DB1FXJpD1
4a1WLOoydq7u011UG9jjC9,51DevdOxIJin6DB1FXJpD1
4D36ZNHfLE3joglWbDLn5X,50z4meqYMvVCXEv2jDneDN
0UN0qSJUnWWvIOgv3nYY2A,03cvjFEHz8eGwYHq1L0Pp2
7ng3MkDXpSUVFQEhN6vtqG,2h1EEQ0lD01lPKDRGisvL4
3XeMdSHi48X0XsDHckDhIM,3tJELJoPZ4VTKmL0vppqLj
3lJOIGsFylH947nMpYzfGO,1qZ684TB9E1BjH58btdtYd
3UtxLgkmTZZkPr6scOEglC,23Q5T7JtqekFJMbC0XKxnh
032ncNwownsax2RsiC5iCN,2y1VzMKAa5nmfXKtJL9jnj
032ncNwownsax2RsiC5iCN,5wyWp867LWGjFmYZXVSFnZ
45psv4nJ95oCkdkp8UCkQk,3WKZeiNOV5dnANlQnjL95B
1vLkBVAy8ZWrqcQjYTPP3a,0w92tV1EQp7sxly7UjGR4P
1m5zdKxtqhzg3S4WdiHJeo,6CPZWzcKiOKkHn4L2XI4i2
1m5zdKxtqhzg3S4WdiHJeo,5FqTuN42w2zGw4Pzd50yaS
3kMcV1es4HbWcWBhcteJ8Z,15AZJFNrXtIN4Nk8BIOnS2
3kMcV1es4HbWcWBhcteJ8Z,6CPZWzcKiOKkHn4L2XI4i2
1pgSJ8yNeLCqyrCeix7caQ,50z4meqYMvVCXEv2jDneDN
1pgSJ8yNeLCqyrCeix7caQ,6h5P3J0j1x2lhiDk9w4deZ
6XbuJHhqugUVdJbTdshUEL,1Fg19vpUJpAAPFjnKaVYVW
4KhTyJ1cJeHaY4ZS2u3e6A,4Bdqzh78prwuqwInMb555P
350aUOZhGtTOK1dQbQFKNc,6LnJKrtFnTEGdbWQ2riWCL
4WixufiyHUgg1jFqkYop2K,4hjJDrv2KkIEW1AslTEtv3
0c4orZI2hBcd7VfkFB6FDI,1lMEWvvUlwzQ5OKB4w1HTn
0c4orZI2hBcd7VfkFB6FDI,7k6KVFItaU7pcBvL6poIi9
2EiDxAtcTF4vHAr95ztZwU,1nFJWl30l3PAHei86OxN0i
145jqpXnJcombk47TB8305,5LUxu287CsPM7jy3yS3l86
4LW7pZxqjg9y3W1k3tHCJv,1lMEWvvUlwzQ5OKB4w1HTn
5KvWAPJDBNXzy5l1bywB7x,6q1sTU51oryTTcWTPTd0VC
5KvWAPJDBNXzy5l1bywB7x,1zofEGCCvRwAdhetK573gb
087cds8zjbUmokjg2jdMOp,03cvjFEHz8eGwYHq1L0Pp2
2xIC5DmTHaGBL83a9OUXM4,1qZ684TB9E1BjH58btdtYd
2xIC5DmTHaGBL83a9OUXM4,5JJc8is4VzgOz8ZanDj18J
2xIC5DmTHaGBL83a9OUXM4,4xklx5DAtVru5uf3vSXTgf
3aXTeIVnDvo2MT1xLTdGK3,2boacFGRX1WIo7NFS8B0F2
7L45rxBLaeRsyVZWCC6CXs,2aZlYOswKNlrwqpuTsckKd
5jSjin6KJMH6WT68YnE7bW,4Vr0nv4nM4aqWfj76zDTTp
68DrWFjKkrn2W3mkIRP3bc,7BJjzi0JHyDHAsmVe21dGa
1m4nj2HR88dY4hleKc71qn,7zVYyYhGZxvPHPuhzReYHP
5h7jMTFPuqd5Equ7jUSFDT,2r8iLFeSTuOiZualHmSXxS
6VIGABEcC3uzw0Bque9ux5,1eQzZsJAtBVhN9WP62oXM2
5G5CKxNBvl6FRqNdVnmJUC,6SuvCvIgTchPW2bcuXSKzM
3QWpTf2VIdELYUUiKJAXlI,5G3OUmDl3R4rEn9zSWZTpw
0oTjuMN99JNRIj2CUdT3g7,20mkFP4AY47MtOJ39fP0bX
0jTT901BlxBFF86h6W6pbZ,6CPZWzcKiOKkHn4L2XI4i2
3mcvBUQFQLzklDgU1bBnaW,6iBdV6h17D1kOnK9lFyWo3
4X25FY9QkLBlHAxKYjTY3U,4StjyzjcmZ7a9QncHVf0pu
5hOHq0l62utc2aP7YSso2Y,0wCKNMsqYasJBFVagjay49
1h1JMmAzXR6lWJ7KnJQkU7,0T49oz78JYl4FkVJPGlJiD
2dWbucCC3cVXQWi6JaL7js,4p2ytjUztJseG5ujVkv5Po
2dWbucCC3cVXQWi6JaL7js,7crp1tZcefnjT5RuL6WZQ0
2dWbucCC3cVXQWi6JaL7js,1pPbDeOdNUcLq32HTTLbZm
5TqGewrmzgeb21FYQC7mJZ,2swvbEAfN70ZFcQB4Y7MaS
5TqGewrmzgeb21FYQC7mJZ,6XjHGcba7ZbaZ6nYtwhaCj
0WmSoWksyfhCME62WhkP2U,7BcPoZhXI08icbiq1mpxFx
5x2NQmYWyqExdyyXjNIWh3,7BcPoZhXI08icbiq1mpxFx
5QU2pHpvyaiTZ0E7cJYlq3,6PIIKavZx20FlVKyIvb4Um
3bUDPTCStUeLcUgXgvepQh,0kjGPGtoyKwKVOZAKmv5K6
3bUDPTCStUeLcUgXgvepQh,3qvcCP2J0fWi0m0uQDUf6r
20cn2KYYgyuxXRC3WynYZn,0Dx6HmR7Rhi8G1osUOxAew
20BVQh0gMBhzcBpeCRi97F,39HJXjH5hKcCzaU0g6mv8G
4E7BWWaFUfafkyU8JOniFx,5jfz7uWPwf03hdEewW8AI8
5UJIchMHQvPgr244MecVzO,0DxsiYPUEWLY4HjaUDM8Lk
3x3vUHznzPNEbXTJBUkhZb,6QHREBOQktWsYBfrxW93rk
6lElXo5x9oyqvIUcG7gP7d,5jfz7uWPwf03hdEewW8AI8
0q9zdBBU7zupk59ZwmjJNg,3aBiDlzy0xIlHfbHAWYton
3fBpzO81OXrmZPKL0KG8LF,721o1Z0J6jQupyzLt9RnEk
65sTVVVMDnczku5Gt2PTmt,4cG43cUBRJWWDsRh4SW48i
35nvMkQglkoeydD81a0b77,721o1Z0J6jQupyzLt9RnEk
0aJwgjOHTpyw0hw4nXl3Xd,6gvVFtkTV4OCyQSCzGgU1h
0aJwgjOHTpyw0hw4nXl3Xd,1JdsdDwTcng1Iw8IYEw4Ko
4gqH5pgWqzKMo0v4vcoVmX,0ql0Aw24KJaMeOVlwadzFE
4gqH5pgWqzKMo0v4vcoVmX,1bpca6RQE5kp92pIwPMBE8
4gqH5pgWqzKMo0v4vcoVmX,2A3rmRL2kja5NoroAGdZPb
2687fXBlOk6u6fiwLJ4E1l,4cG43cUBRJWWDsRh4SW48i
2687fXBlOk6u6fiwLJ4E1l,6gvVFtkTV4OCyQSCzGgU1h
2687fXBlOk6u6fiwLJ4E1l,5lEkQtWa3UKlI1hj7sktcd
2687fXBlOk6u6fiwLJ4E1l,2AHugDX8XYbm2SNxbvptQW
23Eonfmg2iwhn0NSbPOqjf,1bpca6RQE5kp92pIwPMBE8
5efRbEnxrNDKEql0u8Ligh,5m2pDQbSRuWbxRR1FUcHle
0E92CGQj3E7REEC9TWqYze,721o1Z0J6jQupyzLt9RnEk
0E92CGQj3E7REEC9TWqYze,6gvVFtkTV4OCyQSCzGgU1h
2ePtv8MlBO9nuuXABqAfEX,4b19vuzlDcNdU4quI7L6sW
5PJNHy1xww2n6VdwonZBOB,145RezaSLWGxp3SLnAcHPr
36dVAj0S6oWScSdVV805Uf,4V1v1oFnKe0b42lZh1QBnF
04wA4WCy6i40jSLqmQiRFw,4JTacmomOV6ZmeAVHMkFOq
04wA4WCy6i40jSLqmQiRFw,2AHugDX8XYbm2SNxbvptQW
04wA4WCy6i40jSLqmQiRFw,721o1Z0J6jQupyzLt9RnEk
04wA4WCy6i40jSLqmQiRFw,6gvVFtkTV4OCyQSCzGgU1h
04wA4WCy6i40jSLqmQiRFw,062AuVsQPIt8pXzbENjI9p
04wA4WCy6i40jSLqmQiRFw,28oxY7ZfDt1BJFf8FVfpEh
04wA4WCy6i40jSLqmQiRFw,4JdXITm8I9qIaSbFlBoOKi
55DYFxHB8RiD6yU28TBpUx,4V1v1oFnKe0b42lZh1QBnF
55DYFxHB8RiD6yU28TBpUx,721o1Z0J6jQupyzLt9RnEk
05ApNVIBssPKqyyKiydA6D,4cG43cUBRJWWDsRh4SW48i
3AtTx1EiRR5zT9LmlW92A6,2G3moO7hc1jXWYKkW5ZYw4
3AtTx1EiRR5zT9LmlW92A6,721o1Z0J6jQupyzLt9RnEk
3AtTx1EiRR5zT9LmlW92A6,6gvVFtkTV4OCyQSCzGgU1h
3AtTx1EiRR5zT9LmlW92A6,6kRMQTBxSFnwDQcbIbkwxj
0twbASvGKPDvbWviKZcpyy,0ZDbrXYXNaO94VjgXjdFh7
2L95U6syP0bV3fkYYOzmiW,2oQX8QiMXOyuqbcZEFsZfm
2L95U6syP0bV3fkYYOzmiW,2iI5KWXLjw1tqLQsdjuo0e
2L95U6syP0bV3fkYYOzmiW,7arQA31aZVS8yS6zUveWzb
2L95U6syP0bV3fkYYOzmiW,1tfhFc2Y8iplDKCteuXjCY
6wQufshN8RwGazPyDQ0WXM,7ur9H6w9OqIgWrmM2GUWuB
6wQufshN8RwGazPyDQ0WXM,0dxkgaBNqak7UBqLB1sZrQ
5rm5rdDxzqSY2JjK7cAUhc,2oQX8QiMXOyuqbcZEFsZfm
5rm5rdDxzqSY2JjK7cAUhc,2iI5KWXLjw1tqLQsdjuo0e
2tFwfmceQa1Y6nRPhYbEtC,0EFisYRi20PTADoJrifHrz
2tFwfmceQa1Y6nRPhYbEtC,4q3ewBCX7sLwd24euuV69X
7oNpBMRz1pmEvyxiSGxU7V,39f7LHKJFK3HoxHZqrq9Lb
1Cx2O26LJUjG94LfH6rnyB,6NAhbfEqeWELwfjH391Vz0
1Cx2O26LJUjG94LfH6rnyB,1PrPa8zf5xW14VSJRgrCE4
72VsmYY68ihcJuKNaIYT28,4yxglAiH5h8Db7TmN0MUr5
72VsmYY68ihcJuKNaIYT28,329e4yvIujISKGKz1BZZbO
72VsmYY68ihcJuKNaIYT28,1AACxWCwNIa3ecOBQJnXRV
72VsmYY68ihcJuKNaIYT28,2oQX8QiMXOyuqbcZEFsZfm
72VsmYY68ihcJuKNaIYT28,6w9ToX5slZ4uIdmD17hJ3c
72VsmYY68ihcJuKNaIYT28,1pf0MPKfKdvS8J779mS1Ay
72VsmYY68ihcJuKNaIYT28,37UACiDcdzEYii0iU0QpAf
0EaBXOqo6TNIIhHctCbQPi,2p4aN0Uxkk3iT3HK0cJ2cJ
0EaBXOqo6TNIIhHctCbQPi,1tfhFc2Y8iplDKCteuXjCY
0EaBXOqo6TNIIhHctCbQPi,4xe6s55EDjpRpyZsrFoiWh
3LqhDUTrzOxYrGw5nEEAwr,39FKVjqhZLz4E1iG77d5AO
73O30uMI7n6DuzBmbtO7kC,2R21vXR83lH98kGeO99Y66
73O30uMI7n6DuzBmbtO7kC,1i8SpTcr7yvPOmcqrbnVXY
26QApq0cuO9brJigr0C0W4,4q3ewBCX7sLwd24euuV69X
4R8BJggjosTswLxtkw8V7P,0EFisYRi20PTADoJrifHrz
4R8BJggjosTswLxtkw8V7P,1vyhD5VmyZ7KMfW5gqLgo5
4R8BJggjosTswLxtkw8V7P,4q3ewBCX7sLwd24euuV69X
6bvfJf4KjonPMuPfGfy3S2,5hdhHgpxyniooUiQVaPxQ0
6bvfJf4KjonPMuPfGfy3S2,2R21vXR83lH98kGeO99Y66
6bvfJf4KjonPMuPfGfy3S2,7iK8PXO48WeuP03g8YR51W
6bvfJf4KjonPMuPfGfy3S2,1GKIlPFdcewHtpDVCQ8zmJ
6bvfJf4KjonPMuPfGfy3S2,3Wb38LDP3N4tkobValgE9D
57Ba26w9eoXx8BBUNgRNLV,6HqgxkTt9KGyt27zYrwVan
57Ba26w9eoXx8BBUNgRNLV,6wcKDqJRY3TzbcdRKo6EiE
57Ba26w9eoXx8BBUNgRNLV,71FfEgML4GAokNHmW1GKPF
57Ba26w9eoXx8BBUNgRNLV,7iK8PXO48WeuP03g8YR51W
57Ba26w9eoXx8BBUNgRNLV,1pQWsZQehhS4wavwh7Fnxd
57Ba26w9eoXx8BBUNgRNLV,11YLRSsZA3YVuQQtHXKTlz
06HOLlh8Sh5jHptg37zMSz,2rdUWyphqOltYR6zPaMPrU
06HOLlh8Sh5jHptg37zMSz,4PLGCdwxxGsxNXX7G7Spug
7IoTZnck9r11NCj5M0QG81,2cNMMulo6S2a0tHrwX2s6i
7IoTZnck9r11NCj5M0QG81,79Pc4RR5E625J7dK543jDw
6GosMiIBlJ0X6XopIZpwIO,5nZADoZFWVB90dHpk5zvXy
6GosMiIBlJ0X6XopIZpwIO,0MjPNmazpZOmBH1nOMaeQY
5VEZQNZWsZaKb1Y2jB8SWJ,2cNMMulo6S2a0tHrwX2s6i
5VEZQNZWsZaKb1Y2jB8SWJ,5LWs2DNQhJXiG6X2o4XUpQ
5VEZQNZWsZaKb1Y2jB8SWJ,6Z3GmozKVgFxFcP2Qzp0Fp
1Ae5AcTlKsTEpksomr4oDK,7j6Zzcpz7gTNPh69USgO8C
0rWtmMYqgd9pqRvqKf5bYw,6acByqWJeuaM0TX5VoY6an
0rWtmMYqgd9pqRvqKf5bYw,2MLT9mFQ7sikVVqUx0tPry
4m311PrEtKHZzy1JAsDCq1,44XzG6GoJZNtkIGW19hsUK
4m311PrEtKHZzy1JAsDCq1,1VPmR4DJC1PlOtd0IADAO0
4m311PrEtKHZzy1JAsDCq1,5fMUXHkw8R8eOP2RNVYEZX
3TKhfQOOHtA7QNtoju4cXn,2cNMMulo6S2a0tHrwX2s6i
3TKhfQOOHtA7QNtoju4cXn,5LWs2DNQhJXiG6X2o4XUpQ
3TKhfQOOHtA7QNtoju4cXn,3lpAVEsShIfqY7OTfkzA43
6vzXc5nsa0JTMfAtWrZkIN,3gDHpjemovd3LuV3tHgjOq
3s8MM2twymVva7oi9EP5GX,6acByqWJeuaM0TX5VoY6an
1nINIHobpPWexRP8ABH8bT,0iWCupAJreesWuLo9wkpXt
6e8woXAZJO7CNxahQ35dQR,5nZADoZFWVB90dHpk5zvXy
6e8woXAZJO7CNxahQ35dQR,5LWs2DNQhJXiG6X2o4XUpQ
2xtLPeeUmIzM1hFw2qeH4U,6acByqWJeuaM0TX5VoY6an
2xtLPeeUmIzM1hFw2qeH4U,2cNMMulo6S2a0tHrwX2s6i
2Jr5Z8VTNa3bPAlbBk6n6k,1LxWE4LOhnqeaAx2tVUK6p
2Jr5Z8VTNa3bPAlbBk6n6k,6YYOTK6Qyv6PuFipPxCCoe
2Jr5Z8VTNa3bPAlbBk6n6k,7KcIok6StqYSedgtjmtsqP
75BOTSbHZuBTnDrA69arj6,6WzxopGY3sy97IeNFaDELc
7goj1fS7fV4dvc91RvuoBw,3KcZf8BFeFBtnGyOZmUggd
7p735bl8nXf0Dg1EHNU0Ci,0IFfGEYUge1S0WGqCZmFrM
7p735bl8nXf0Dg1EHNU0Ci,6YYOTK6Qyv6PuFipPxCCoe
5g5GOBG3mTODUxegwjK4VL,0WxSlQlue0fq99fXfGBmxA
1GwHMf0Opo8nNxFLCoPI4X,6wN4QyhoM6fN49kEB25rnl
6tGl1mj5CyoB1hUtOKyhkQ,1UdbiTrv73Dp7F0s3OHmn2
6tGl1mj5CyoB1hUtOKyhkQ,0vUcZVCNG7i5OV0zb8Icfw
54EXZcuRYIFW75Y5Bxenxt,6YYOTK6Qyv6PuFipPxCCoe
54EXZcuRYIFW75Y5Bxenxt,6nidPawoE1wPgAtFmeyXyR
1IdEyyAndnZmMO0nTPrZEP,0fxvzvlu3VQV3wDIhAxBmn
1IdEyyAndnZmMO0nTPrZEP,0cy6ZMOTeautXRNJsR6PiV
1IdEyyAndnZmMO0nTPrZEP,7BXe1v4YJm7R5wg2ioeA1q
3zCUHfPi1kl8EUUamLxaJ0,3KcZf8BFeFBtnGyOZmUggd
3zCUHfPi1kl8EUUamLxaJ0,48h12D3cJbqfn1ReVL9qbw
3zCUHfPi1kl8EUUamLxaJ0,5qDpS8QhKjNRZ6aRrcpY1Z
6zFIf7W0pKa9HO50dw5E8u,4YiKEuOS5GwMujJMkIPGFN
6zFIf7W0pKa9HO50dw5E8u,7bg4UOzqHiULOABzTycGyX
6zFIf7W0pKa9HO50dw5E8u,0OFppp8Z3TaehuqGoC6BD1
0Az2D1ByNU09je0ZtzDcHm,3KcZf8BFeFBtnGyOZmUggd
0Az2D1ByNU09je0ZtzDcHm,0vUcZVCNG7i5OV0zb8Icfw
0Az2D1ByNU09je0ZtzDcHm,0ydmHwy5hFIaJEoZWWcKxC
0Az2D1ByNU09je0ZtzDcHm,1UdbiTrv73Dp7F0s3OHmn2
7sqV5wrcZH0B4q8X9uHKFJ,0JDrljGBQpzIKFIcZ4R1H4
7sqV5wrcZH0B4q8X9uHKFJ,7bg4UOzqHiULOABzTycGyX
0Vo6x7xCIqQlnm2XbLZ6mF,1UdbiTrv73Dp7F0s3OHmn2
0Vo6x7xCIqQlnm2XbLZ6mF,0vUcZVCNG7i5OV0zb8Icfw
5008Rz0J8beglZBqnvSUCn,5VzicjuhIv0IwMz15hEORa
5008Rz0J8beglZBqnvSUCn,1UdbiTrv73Dp7F0s3OHmn2
3xfrUc1NwAqYLPQIP9Uun2,2CeSpJpSDU42CUgPdGfyo0
4M8I7zcnQYsGH5thn1J0sC,0WxSlQlue0fq99fXfGBmxA
4M8I7zcnQYsGH5thn1J0sC,3KcZf8BFeFBtnGyOZmUggd
4M8I7zcnQYsGH5thn1J0sC,2CeSpJpSDU42CUgPdGfyo0
6m9mAgw4rMkGUkHuSAFdDB,1zeAbUJAbLOWeYpgRVnYmu
6hQJXcDJnh7hHMkzP3mMuk,1WNkrtDTdQ5izZf5L372i9
42mmyfhNOjoLBdAYirszzB,6YYOTK6Qyv6PuFipPxCCoe
42mmyfhNOjoLBdAYirszzB,4lpfvtAHLELZcezTOUHiQX
3Ip0y9quoAD4VdUkcdHWSz,3KcZf8BFeFBtnGyOZmUggd
3Ip0y9quoAD4VdUkcdHWSz,48h12D3cJbqfn1ReVL9qbw
3Ip0y9quoAD4VdUkcdHWSz,5qDpS8QhKjNRZ6aRrcpY1Z
3Ip0y9quoAD4VdUkcdHWSz,6YYOTK6Qyv6PuFipPxCCoe
1gK70fcr4UnSDmP7KXtH0F,0JDrljGBQpzIKFIcZ4R1H4
1gK70fcr4UnSDmP7KXtH0F,0MyAm8pgx6zC6FGXUHHoUj
1gK70fcr4UnSDmP7KXtH0F,4YiKEuOS5GwMujJMkIPGFN
1VYv1xH7yUl0b43UVR6yA9,0JDrljGBQpzIKFIcZ4R1H4
1VYv1xH7yUl0b43UVR6yA9,0MyAm8pgx6zC6FGXUHHoUj
3F8ZuhmuIIIYkks2cqBiXZ,09admC8JPSuizanrDUzWtd
3F8ZuhmuIIIYkks2cqBiXZ,48pDK4NOqLtJxn5AAKVUra
3F8ZuhmuIIIYkks2cqBiXZ,6wN4QyhoM6fN49kEB25rnl
7eZxh83S9spEfb3gAIcZZW,7bg4UOzqHiULOABzTycGyX
0LgIHffVhGleMeHORs7dUl,45FQfgBXKsdtElNqmKeJTC
0LgIHffVhGleMeHORs7dUl,6wN4QyhoM6fN49kEB25rnl
4Bzee1IYWlqVHKdksLjGeo,1zeAbUJAbLOWeYpgRVnYmu
4Bzee1IYWlqVHKdksLjGeo,7zYmrye7LvmpMkfHWrENu9
7AZ8APzmxt0McQXnEXBq44,1UdbiTrv73Dp7F0s3OHmn2
7AZ8APzmxt0McQXnEXBq44,0vUcZVCNG7i5OV0zb8Icfw
01Y0KGT7VzixtLyOj44x56,6wN4QyhoM6fN49kEB25rnl
23QiG2QFsriAivFabPDHh5,4YiKEuOS5GwMujJMkIPGFN
1JaBJC3gj7jSsNxsnYTzhj,3KcZf8BFeFBtnGyOZmUggd
2GOnF9OwX7CSCHzinCr3VY,1UdbiTrv73Dp7F0s3OHmn2
2GOnF9OwX7CSCHzinCr3VY,0vUcZVCNG7i5OV0zb8Icfw
5AsNGwVP7bix0nae8y95kc,48h12D3cJbqfn1ReVL9qbw
4lRQP4PC7ZHQnkPuq8N52N,6wN4QyhoM6fN49kEB25rnl
4lRQP4PC7ZHQnkPuq8N52N,1UdbiTrv73Dp7F0s3OHmn2
4lRQP4PC7ZHQnkPuq8N52N,3KcZf8BFeFBtnGyOZmUggd
4iWDvVZZgRVgVnTtHOkHXp,1UdbiTrv73Dp7F0s3OHmn2
4iWDvVZZgRVgVnTtHOkHXp,0vUcZVCNG7i5OV0zb8Icfw
1beTDCe7sT7fzm8WIKXicz,790FomKkXshlbRYZFtlgla
69vlMrzHwATKzupwNcUPyK,4q3ewBCX7sLwd24euuV69X
69vlMrzHwATKzupwNcUPyK,4VMYDCV2IEDYJArk749S6m
35wvL50xvKpCHEJPxLOLPI,4q3ewBCX7sLwd24euuV69X
0853L9QuAoYUkHIA4d8aDO,3RDALl5RyRDHPryF1uyWwG
0853L9QuAoYUkHIA4d8aDO,2cFK15y135mg47RIgsS43E
7EQq2RCCbFOR7XnN5J1vTv,6EIriUxo7vznEgJtTDlXpq
7EQq2RCCbFOR7XnN5J1vTv,5NydObjtRsTiElOzm5vmgs
78Jj0xPR2y4KMAtYuWpRly,474u1cnCRF41ym7ZNBddcc
78Jj0xPR2y4KMAtYuWpRly,36iInicUixdGClV7bnMvTW
3H7ihDc1dqLriiWXwsc2po,0u6GtibW46tFX7koQ6uNJZ
3H7ihDc1dqLriiWXwsc2po,5Wg2b4Mp42gicxEeDNawf7
2giauZanWohj58at4OEoeT,1q7g5SBAxtjizS3Vcof6Y6
7a53HqqArd4b9NF4XAmlbI,4npEfmQ6YuiwW1GpUmaq3F
51Of5p3lKZeOg6itfs4og4,7ACEUD7UsmmXrnj4OLt8f9
3sUOONjFxjepoSXvKYrz5E,3PMRY3PR5xAe5UpRfPPuaG
3sUOONjFxjepoSXvKYrz5E,0CJxR2iBZb64SRwApcj2Ev
59qrUpoplZxbIZxk6X0Bm3,07YZf4WDAMNwqr4jfgOZ8y
4WYzTp2lLIWrlEqIOfADrf,0Hir00e5sSBEH8WqOmvi8h
0rHuCRM0BhYtxse5qLv0t6,4vQW9JcctfeFaBjmGPr8h0
0rHuCRM0BhYtxse5qLv0t6,0Cw3CfY5WSyltweEK71keH
0jSIGeXBzed6V7437rRupd,1UIPahyz7pEKaU6RQvU3FC
0jSIGeXBzed6V7437rRupd,6ZB6TzkB1xiqswUHbvMzvm
5uWUKvPNekWal505BdKgfD,1O4dvMoyQSIClCii6DSai8
5uWUKvPNekWal505BdKgfD,3RDALl5RyRDHPryF1uyWwG
0GsltzHgCGCiQvskZggDDj,1vpC76RZf9ndFkOEB7agn9
7mGZklollA25HGdPh3jWeW,0MtTfq27LQu7CmE5t308Up
7mGZklollA25HGdPh3jWeW,6opz1Ax3VqCmeQBGax1erx
5wGoaKvq8Vlst7ZqKyQbvn,2mgonCuv2QEZZbPOatCbyu
5wGoaKvq8Vlst7ZqKyQbvn,1FvIWbYLm8dBezbdjucrZb
5VrbuzqAjCAFSa7MpGRXWI,7FRQP6Ivwv3DQCLxpR3I6Z
5VrbuzqAjCAFSa7MpGRXWI,4YnmlfVdziLiqFQtQ4zTcq
5qI0p2E7BxBxYRJknYr6Gg,6opz1Ax3VqCmeQBGax1erx
5hWSDV3aXFfW3OgtAOKOxp,5TTXO1acO5ZuuUCsZ0MXJl
5hWSDV3aXFfW3OgtAOKOxp,6cC3KmZOI4EG7a94PtKEYb
5hWSDV3aXFfW3OgtAOKOxp,2FfS4tGbyODPI92Baw7Ys8
04ZMCgKlsRcTDrxGMKCrAx,0hHSuSCpKFLU5twpJNTO3t
6lKpd6GlJzsPkXq73GnUW6,2ot1BrqrtRXWOgvlv4PxLl
7DRDJ5ZzU7mj7CfRxGYzOY,6opz1Ax3VqCmeQBGax1erx
4UclSbkRsKfFNNQcvWCRlA,7FRQP6Ivwv3DQCLxpR3I6Z
5DW3I3yjh2v8CXWCAz357s,21SqAOtuXFpwygK1GNxjTm
5DW3I3yjh2v8CXWCAz357s,3hvKmeo12OU7ai8Mpgraf7
4O0LQKVT6hGmVGNwizmydg,3Hb64DQZIhDCgyHKrzBXOL
08CVVZ9HYOXzPRAIV0w8nq,7jdFEYD2LTYjfwxOdlVjmc
07pDiOE4MapRnzP6KdrRKX,6opz1Ax3VqCmeQBGax1erx
215DAsePr8LKyzyF2sScV7,21SqAOtuXFpwygK1GNxjTm
44APbTIWsNtA4lJivNJSQ6,1tNJibl39hvCIVSnGaiwx5
0IdsoEg5mjXNqlrskkzWjl,0MtTfq27LQu7CmE5t308Up
1EUZrgQT3KkJ5dBiYLAbVf,1tNJibl39hvCIVSnGaiwx5
1JErDzdamBvSZQr7xaDToq,6opz1Ax3VqCmeQBGax1erx
0fF43Vtu2yuaixZViQN5yO,1tNJibl39hvCIVSnGaiwx5
3P4DFoobXVSxBtjsvURSSP,1tNJibl39hvCIVSnGaiwx5
1jnKjUwZG3X1LhqeVY09eN,2OsysEFABxUiubXfbfmrWF
55CSBM2ebqdGhLwpyZfl07,4ynaUZA4BVF6d2XaNuflVz
2ufLEVbzvEcJ3subW8jBUp,1tqysapcCh1lWEAc9dIFpa
2ufLEVbzvEcJ3subW8jBUp,4f7KfxeHq9BiylGmyXepGt
2ufLEVbzvEcJ3subW8jBUp,5HcunTidTUrOaf8V0iJcvl
2ufLEVbzvEcJ3subW8jBUp,44oMI9xI4kcCub3qbpYPdb
58f4twRnbZOOVUhMUpplJ4,6LEG9Ld1aLImEFEVHdWNSB
58f4twRnbZOOVUhMUpplJ4,4vvW590Gq8dNWsP5BM9FkS
58f4twRnbZOOVUhMUpplJ4,5DHi2MeoRgAwPE0A0qwRMl
58f4twRnbZOOVUhMUpplJ4,6aQfrWHwAcuY8IYItbChZh
4OQFlJOSID2AzpmOcuDlJl,56SjZARoEvag3RoKWIb16j
4OQFlJOSID2AzpmOcuDlJl,1qcVHIPfwFFc0gMnAxG9I1
4OQFlJOSID2AzpmOcuDlJl,7AKO4PWJ6ToZVUfA5xmsIY
0yCWDaAgOtg6TKlNCg9rwA,5NHm4TU5Twz7owibYxJfFU
2PEo8JQ48mfEv8a2HLqDvt,1mBydYMVBECdDmMfE2sEUO
2PEo8JQ48mfEv8a2HLqDvt,15UQcr22jcc6DJjy3sLv3J
2PEo8JQ48mfEv8a2HLqDvt,6SZBqn91m2QZDcbzmHUFPP
2PEo8JQ48mfEv8a2HLqDvt,7pauOFC9bRqioSX30AvNkG
2FCXQHugkoHE1K3tiDu8pu,3gBKY0y3dFFVRqicLnVZYz
2FCXQHugkoHE1K3tiDu8pu,4YRxDV8wJFPHPTeXepOstw
1smFN2CLqGROu0J0UyvDfL,1wRPtKGflJrBx9BmLsSwlU
1smFN2CLqGROu0J0UyvDfL,4YRxDV8wJFPHPTeXepOstw
5nsET7aVWXu017lsQjRFCV,1UAzmnFgjizIDvtHvnCdEq
5nsET7aVWXu017lsQjRFCV,7BTWFChvstLB6ZCvuiUaZV
5nsET7aVWXu017lsQjRFCV,0m3D4grap8VFSzbJMqgNVk
0qOnSQQF0yzuPWsXrQ9paz,4IJczjB0fJ04gs4uvP0Fli
0qOnSQQF0yzuPWsXrQ9paz,4bYPcJP5jwMhSivRcqie2n
1baHxgYktT8eDdmtTozJF9,77YvCBWe0tTLygpgSJsdOH
1baHxgYktT8eDdmtTozJF9,7rVV9d6vc4FLT752uRuk71
1baHxgYktT8eDdmtTozJF9,5FVBduYaeVBb6JIghza7v6
2ccThCjEt1t1SF72mP7as2,28kGdf2ant8i73Fab2F7xq
2ccThCjEt1t1SF72mP7as2,6DARBhWbfcS9E4yJzcliqQ
4vwPirpSJCOiIsgxMV4Xcv,72beYOeW2sb2yfcS4JsRvb
5O932cZmzOZGOGZz9RHx20,1wRPtKGflJrBx9BmLsSwlU
5O932cZmzOZGOGZz9RHx20,4YRxDV8wJFPHPTeXepOstw
2Fv2injs4qAm8mJBGaxVKU,4YRxDV8wJFPHPTeXepOstw
2Fv2injs4qAm8mJBGaxVKU,09UmIX92EUH9hAK4bxvHx6
4hOsYVSWKWP71u3yQbcqZB,4eB5clMaoi0cCRnCwLkkiS
0pqnGHJpmpxLKifKRmU6WP,53XhwfbYqKCa1cC15pYq2q
4DpNNXFMMxQEKl7r0ykkWA,63yrD80RY3RNEM2YDpUpO8
0u2P5u6lvoDfwTYjAADbn4,6qqNVTkY8uBg9cP3Jd7DAH
0u2P5u6lvoDfwTYjAADbn4,6LuN9FCkKOj5PcnpouEgny
6v3KW9xbzN5yKLt9YKDYA2,7n2wHs1TKAczGzO7Dd2rGr
6v3KW9xbzN5yKLt9YKDYA2,4nDoRrQiYLoBzwC5BhVJzF
2BcPFQ7nrtUObgAs72xaac,4zCH9qm4R2DADamUHMCa6O
2BcPFQ7nrtUObgAs72xaac,1GH0DojDQJeEKQ4BDMShAL
3jxNbVmugKWFFc3YAVl0sD,1wRPtKGflJrBx9BmLsSwlU
3jxNbVmugKWFFc3YAVl0sD,4YRxDV8wJFPHPTeXepOstw
39QJ7KkN3L8LLqQqsO85W1,7uIbLdzzSEqnX0Pkrb56cR
39QJ7KkN3L8LLqQqsO85W1,5f4QpKfy7ptCHwTqspnSJI
39QJ7KkN3L8LLqQqsO85W1,1UhspKnJSXSz6I0pFtZhuy
5mnvugwfFYnJm9zuyGkgqF,1ZChN8G1Y7CJ0TXbrvblwS
5mnvugwfFYnJm9zuyGkgqF,7xyGjFQhwVUrjYeGTzehMG
74IQCxI4nws964fic1Q4pv,1pDF5UltcypyatITA3Pduo
1Bhm5HNO1cq8olDbBmokyL,7IlRNXHjoOCgEAWN5qYksg
6Z40IRipd6pNcUULY6SXng,4A2XSc4OJjuPY4l6NjnrDj
6Z40IRipd6pNcUULY6SXng,5FOhBMFQo0pDhvISlFmxdi
0vqw3BCyNr3DDVBmjD21H8,1Oh5bPXjw5jreVFhKc4jux
2qxmye6gAegTMjLKEBoR3d,5IH6FPUwQTxPSXurCrcIov
1O5mTSQa0sCce9ghhDqIZl,1mYsTxnqsietFxj1OgoGbG
1O5mTSQa0sCce9ghhDqIZl,4W91bbPB2CTSsHwt7eqNl7
0WdbnNKO0Jt4BZACSDQh44,4YRxDV8wJFPHPTeXepOstw
0WdbnNKO0Jt4BZACSDQh44,19LIHDDSHBD5NyYHI3gpzB
410NHwz8mMvM0AYxKJooy3,2sN4fSzAm2rAL0HIurPCEM
410NHwz8mMvM0AYxKJooy3,1sVmXkzX2ukc6QvasrDBES
410NHwz8mMvM0AYxKJooy3,37nRatUj06EqzpTJNpMuRc
0ct6r3EGTcMLPtrXHDvVjc,1vCWHaC5f2uS3yhpwWbIA6
3pCt2wRdBDa2kCisIdHWgF,7d86ERlvO5UG44j7Va0Y0C
4kfjA6WfgKBt7I7YKuDCkU,4nd1IvFkUoQinjvYdUmOBI
630DpnzdfjdVqv2yLfPbAX,20zafXaLhm5IcXnSU93rNn
0ZEYRVISCaqz5yamWZWzaA,6Ifk2cbxyVzT41jLexYCas
7HBW6yX8iRf81nn6NVOzHL,5fS7aONqrIhiw6YzgKVOsd
2E532ozrMbRXwuZkpoegUP,3f0GZTXzBCmd5IBiMfsh1H
5AkV53fo1u01mi8r22JNeF,3TkSKriI4EZmTxSFyzs0fd
5AkV53fo1u01mi8r22JNeF,2wGBQNmrYOrruN58zNdSuH
7uoFMmxln0GPXQ0AcCBXRq,5WUlDfRSoLAfcVSX1WnrxN
4KL3FJYexPrPuMdPagHPXp,4YXNoMVTHRt01jYaKXTumJ
4KL3FJYexPrPuMdPagHPXp,6jV25rzTKQ2zMgrqHha1V5
4KL3FJYexPrPuMdPagHPXp,7cVZApDoQZpS447nHTsNqu
4KL3FJYexPrPuMdPagHPXp,3hvinNZRzTLoREmqFiKr1b
7iTF9T1jum3Km6H6WMZpDC,7d86ERlvO5UG44j7Va0Y0C
1tS1dRfxIV9FzqdYTbJgMn,7d86ERlvO5UG44j7Va0Y0C
1ZPVEo8RfmrEz8YAD5n6rW,3tMTXQyRrPmMyHv5SoC0TV
0SeBJ2sAl8CV58kBfpd5va,3IvlMYb5AvKRfNt7vR8PNP
42si4ikg5dh732gPuQ0xHb,4Z9pg3LzMfuuSgl3hMDYuG
42si4ikg5dh732gPuQ0xHb,3Wf4i7kB01QI2wQlEgxKFm
42si4ikg5dh732gPuQ0xHb,0D0AtqH4LxV9AkcdMqKkLY
77vx7sGjdqwdnQL968t8oY,7d86ERlvO5UG44j7Va0Y0C
5QGdWvXwXMK2Zx6eKagyue,3TkSKriI4EZmTxSFyzs0fd
4rMNgxEwGWoPHIUcvB5BrB,0du5cEVh5yTK9QJze8zA0C
7B3zHfPqcLgV3DHcjQP2OM,28DdkLhrzQNizZ0ExQpyku
01beCqR9wsVnwzkAJZyTqq,7d86ERlvO5UG44j7Va0Y0C
46u5B2WN4wryYLZuMAOmI4,3AVfmawzu83sp94QW7CEGm
5vPO5ouEv8iedKWxzmSv7b,2kxP07DLgs4xlWz8YHlvfh
012WiZSgTedjCImYNyA1bF,7eKNo6fozgNsKThGC40ol7
2wAiFWjRupWmnDkQcu91MF,51kyrUsAVqUBcoDEMFkX12
0ZoBl7pWhdjnj4eIe9I11o,0kPb52ySN2k9P6wEZPTUzm
0b11D9D0hMOYCIMN3OKreM,5ghnxpW47ojtLHHyTLdxdY
0b11D9D0hMOYCIMN3OKreM,4npEfmQ6YuiwW1GpUmaq3F
1xdp8tXLTGbPeUSEODP9N7,0azPQZGt11gedg5Le9hjC2
0w0NpOQOYYClaTI0TFHBMF,0MeOKtKKNYUBM075fR930L
43CHdbHYdcbUWP10UFKyZ7,5KNNVgR6LBIABRIomyCwKJ
76Tuo484SLohJakHLnGI3B,3e7awlrlDSwF3iM0WBjGMp
1rmxF8VNLZ2gXwwzqGJ9tJ,6uQl3gu1AIXyvqCAxnc2q4
1rmxF8VNLZ2gXwwzqGJ9tJ,3cDi1D2FHMVgljfdB1QVgr
7kJ3RSCzrosxxkNgJtQ53v,6uQl3gu1AIXyvqCAxnc2q4
66iaD8MCoVnBtqUhuzdglT,7hD6dkjWHapWVwkI6bjDFo
7v63pRo1RXcYzrCxaMkGc5,1wak0ZG1LUrZPYx8RDTQoD
2qmJ2h1UdncRMPI2DMRWvK,1IAEef07H0fd9aA8aUHUlL
4qAHhdpiGcbzqwjqmwuXwj,5p205uKfxztlzI3oD15AKf
3DjIsttgjXGZMO31KiYrGO,6Kwkb16geAot0de45IW9Ox
5YSXUtpMFyztO3OFY3V4hc,5VwCIS8jdx9ZHjApLFNrTZ
74pfNNxGlwSyokwtqxHcDa,6uQl3gu1AIXyvqCAxnc2q4
1Jn1ZoYCWdFhdPH9cG8Y8j,6jUAxR5KFMX2hcKKFebeL4
4L4dPjtEVEpZ0ER2deHAJA,5p205uKfxztlzI3oD15AKf
2VlUJabkhkXenAPhdeNtL6,54jZWpivOTllo1afYNSx5U
2VlUJabkhkXenAPhdeNtL6,6uQl3gu1AIXyvqCAxnc2q4
3gofSUW7Zn2qjfKumSHWKS,2CzKRJPoPZmRDAfTh8Hh1J
3gofSUW7Zn2qjfKumSHWKS,0urEonXMEzc3F5BX7PXTuk
3gofSUW7Zn2qjfKumSHWKS,6m6sG9LbCntHv6lZ4nAubC
6sADtPKtORAMZP3GQhOsHv,3VTm1513t2LL1mSKzzyQuj
1Nq92xyQrCzhHGuZSRtAcO,3ObnkOSF8KZ9405ZPJtwbB
20rg6HNd837eX34TA5tEVf,3JPKPnzWJGjccn8SnjwA5i
7vn9SIc4NraLuIMzUeCK2o,4iWsyISSQEYGxdqBNVwqtA
3BRlBgX59CKqOa8PXI41qQ,343YYaA5MSjiZZ5cGyTr4u
72W6xVQGdKHQl348KYgwg2,57PnQxsNvOvG2ZDElDEUjW
4NAts5vLoJITCYBheIUp8g,110wHDAsaXDaKKdUztwGlE
7LegYLbISvXJFtAr4xDljO,1IAEef07H0fd9aA8aUHUlL
7LegYLbISvXJFtAr4xDljO,7hzAtM9sug5TCxGUIR7by3
6wp8MFCXy2U6hAoLGnlxJn,3cDi1D2FHMVgljfdB1QVgr
6wp8MFCXy2U6hAoLGnlxJn,4XRymSxqMfKCkA6njs39lM
7nq3ae13EXiQE1AADT5GOA,0xHa28taiElkcQf9o3z76g
1miFtZ1QgGhVpVxbL76Y9g,6UReeaqNcjIfzIH13kTHKE
1miFtZ1QgGhVpVxbL76Y9g,2a76fsDcTl6A43zwaFNPr4
52n4gF126eIllrGuc9Zus6,3VTm1513t2LL1mSKzzyQuj
5bfyO9R6raJctlhVpXzPG4,5CXvT1JutlWVLJN8YEOf1h
5bfyO9R6raJctlhVpXzPG4,2eUKkTNZsIuZzV95DM0cbt
6f1Cke280VMreJWysfqIy1,5UbgVjyCkpIMOzQuOI4DOW
7IGkkk83NInOaTmLALMP7L,6ltKIf1bortd0DQbpgKdQu
7IGkkk83NInOaTmLALMP7L,2JQK9mzxqKz16lSgICHDTx
5xlKyUU727MRZycNqeGWVr,5VwCIS8jdx9ZHjApLFNrTZ
5xlKyUU727MRZycNqeGWVr,08v1r0jqDyvSo2LtSqHxcy
5xlKyUU727MRZycNqeGWVr,0B0XXiGxIzdpQAvf3otjUb
5dlEgrCOjy9FTcQM1vrrh5,3ObnkOSF8KZ9405ZPJtwbB
2kQmLi3MUrTkj3E4eICpt1,6Kwkb16geAot0de45IW9Ox
3qWDOGP2SBMLQ3nzMIkNbz,5CXvT1JutlWVLJN8YEOf1h
52N2FDUfL0mPyAFfxRWheT,7hzAtM9sug5TCxGUIR7by3
52N2FDUfL0mPyAFfxRWheT,1L8QE7iUTf9330wcKxnieK
52N2FDUfL0mPyAFfxRWheT,26lUUiDmS9zj1LOOCkZUiS
52N2FDUfL0mPyAFfxRWheT,0wVxjQGYkyNh5qQsVCZWlo
12Kknh5NqqAukiyevjDQkT,55jryyk7RhvMbrvoF0ndBh
3uCth4TIWyeQDnj3YbAVQB,0hmUwzWBrPHpGWGrYH05c3
3FIOLubzv26R6ql1MJllu0,52SusfPq6EW5PgrjUqMHSy
3FIOLubzv26R6ql1MJllu0,3DjJiiOy3bJ9JFn81mxbWS
3FIOLubzv26R6ql1MJllu0,1G4EpdOVG07CIlZY8hz59F
7rRzijIIKQ8GntJ8IUwUyY,1fLIzbK5e8MGrLKj1dEMsg
7rRzijIIKQ8GntJ8IUwUyY,0XNKQFs2Ewb3y0VsFUFc5l
2Lhdl74nwwVGOE2Gv35QuK,4IJczjB0fJ04gs4uvP0Fli
77IuSIodS0pPcSRDybcOFA,3X4o7qy1ci4qtCVg2AtuXb
18t2lAzaHW2bJomYeyzrpy,55jryyk7RhvMbrvoF0ndBh
5E30LdtzQTGqRvNd7l6kG5,77SW9BnxLY8rJ0RciFqkHh
4KfmruShP5zOi9hYjM76e6,0XNKQFs2Ewb3y0VsFUFc5l
62vpWI1CHwFy7tMIcSStl8,6l3HvQ5sa6mXTsMTB19rO5
7BRKEcW05hOZMJ3bKOOzQl,3E31HqA00iCX9nRhesw6LD
7BRKEcW05hOZMJ3bKOOzQl,5vmwWgrlwCfHm1P0vdDFbU
3aViSiRTiK1e5OqJtUk3MS,77IW5ZK1smDQYYKDCQugXh
0Fl4PBfIwC5G1IQAF1luUm,5wV3FoaNbDB6X9INuQvs1K
0Fl4PBfIwC5G1IQAF1luUm,5eir5zFJpES4j7gsymbVyl
3yraHvsUkmnJjGhOrx1CSg,50o63K3IrY47g46E8R071Y
3yraHvsUkmnJjGhOrx1CSg,1HFg9B0Jvwqzqiuqg9cASk
3yraHvsUkmnJjGhOrx1CSg,5vmwWgrlwCfHm1P0vdDFbU
3yraHvsUkmnJjGhOrx1CSg,6kBlEsdNeNW2qnmW56xDhx
0XwSUpdrF7nR7hVxbDs7mb,5WUlDfRSoLAfcVSX1WnrxN
0XwSUpdrF7nR7hVxbDs7mb,1Cs0zKBU1kc0i8ypK3B9ai
0phcrAwEZgGZ2do3GaZYAd,0IxgA9wO4Op3CSnPlhfwV1
6kF1Fvr3OqxEdwM9t4ROca,3AlRiyjMywTVNzTcHbf9QT
6iSm0u8DL5MqeptlsoeS90,2ylIKKdMukkuprCgY4ZDFE
6iSm0u8DL5MqeptlsoeS90,3VVxpV5qfkhLkLZjXB274t
3upYG0cy9J2QhyV4GgV37x,3R6VoMjUANEP9wb7fRNXws
4gpIYaycFCdixCMUO8hoNK,4iCzh7b2cLbHVsPOwhr8W0
4gpIYaycFCdixCMUO8hoNK,3AlRiyjMywTVNzTcHbf9QT
4gpIYaycFCdixCMUO8hoNK,0IxgA9wO4Op3CSnPlhfwV1
0vWUhCPxpJOJR5urYbZypB,2WBJQGf1bT1kxuoqziH5g4
0vWUhCPxpJOJR5urYbZypB,4FrXHrpbDLNyO3pbVv8RmF
4YEsNhGhXXtefznetrzhMb,7IiSLreTg1of8dDwxwiPw3
32PKQDEaouIIOlNZ5umoR6,5wwneIFdawNgQ7GvKK29Z3
32PKQDEaouIIOlNZ5umoR6,2P3cjUru4H3fhSXXNxE9kA
4d2NiGtCaVrMihMfarLE8o,3E31HqA00iCX9nRhesw6LD
4d2NiGtCaVrMihMfarLE8o,5eir5zFJpES4j7gsymbVyl
2eht8oahNIcP5al0XZZLJc,4iCzh7b2cLbHVsPOwhr8W0
2eht8oahNIcP5al0XZZLJc,1wFoE1RwBMWoWkXcFrCgsx
1z2HAz6JcwfGHKMSgKEA3D,1bObiFZkYu7IfzxVlAVj5x
7kqftRMUoBeeyb4ZkAKPiA,438nTuoZFCZCyBl33jE9dU
7kqftRMUoBeeyb4ZkAKPiA,6zEaCvF0CqEHs7kFyBkLHi
7kqftRMUoBeeyb4ZkAKPiA,1wFoE1RwBMWoWkXcFrCgsx
7kqftRMUoBeeyb4ZkAKPiA,51MxI9mWmRMPLK9eNlyQ7o
7kqftRMUoBeeyb4ZkAKPiA,4iCzh7b2cLbHVsPOwhr8W0
5c5cD2VQJcc7VScwW6Ra4k,30mNTnmvPn3HwXA5dW1Iza
2yI8xyHgyhCXyw0Vq98twb,1caoBfXJrbKCwIaTzGkyHn
2Tf3a4gkBbrN2UbMNbwtdQ,0iWMmFScSBxj1z3IisnGkB
3TaGtHDHWQ7TfPpX0eJrtB,3eAOH2az3fQIfX2UAw0FfC
2DkxWMmdvS3f5hbz4UGQLO,3eAOH2az3fQIfX2UAw0FfC
5v7h5vQgCJKZT5vB3I9s3o,3eAOH2az3fQIfX2UAw0FfC
1tkkNjRgaKPO9OnE3jC6UP,32GMj177nVLZPp3lqVrCXp
1tkkNjRgaKPO9OnE3jC6UP,0PK0Dx3s9et0Uf4XbdFpiW
4WEAdAPGiyI6LIMlHGfhdZ,1caoBfXJrbKCwIaTzGkyHn
57fS5tDkIIsEhoBb8IcYF1,1caoBfXJrbKCwIaTzGkyHn
0gCNs3jCCDhObAK0MRghtv,6S0IvKlvPMX1RtAYtVpUV8
0gCNs3jCCDhObAK0MRghtv,1caoBfXJrbKCwIaTzGkyHn
5mUiad5pDU1wFvIbtKgJKB,1caoBfXJrbKCwIaTzGkyHn
2ECKWYbTPpKvtnKiRiUQqC,29b16XDtyMXDrfo2hZ69wf
3dEtfTtCXWW7N8WQ9FD29z,1Ts9of7VPZElwPQnqnDSfW
3dEtfTtCXWW7N8WQ9FD29z,1mcTU81TzQhprhouKaTkpq
3dEtfTtCXWW7N8WQ9FD29z,1pQWsZQehhS4wavwh7Fnxd
3dEtfTtCXWW7N8WQ9FD29z,1DxLCyH42yaHKGK3cl5bvG
7MoZgM6AsQaZw14WnKopuy,3m5qlPf2OkihLz3dRYnkPA
7MoZgM6AsQaZw14WnKopuy,5H1nN1SzW0qNeUEZvuXjAj
7MoZgM6AsQaZw14WnKopuy,790FomKkXshlbRYZFtlgla
6dyUkkcyYuDiHOwIRXYOJm,3E6xrwgnVfYCrCs0ePERDz
6dyUkkcyYuDiHOwIRXYOJm,0eHQ9o50hj6ZDNBt6Ys1sD
6dyUkkcyYuDiHOwIRXYOJm,329e4yvIujISKGKz1BZZbO
6dyUkkcyYuDiHOwIRXYOJm,5bWUlnPx9OYKsLiUJrhCA1
6dyUkkcyYuDiHOwIRXYOJm,1ljNTY4uIBecRJmy69UNWt
6dyUkkcyYuDiHOwIRXYOJm,37230BxxYs9ksS7OkZw3IU
6dyUkkcyYuDiHOwIRXYOJm,7iK8PXO48WeuP03g8YR51W
4KiFqaxjnmVm0gyIPIRRgH,2ngiK5FQchV4i7eOyXOXKt
4KiFqaxjnmVm0gyIPIRRgH,3TikHXhctY4FUIMlkl0tzR
3euwIpljAgZ47S6XnOWaA9,3TikHXhctY4FUIMlkl0tzR
3euwIpljAgZ47S6XnOWaA9,6nfeLUnw96k13zL81bCezV
2bqS0QtnXGjOYs3z6VtSyW,0xByDfltDVpk6LDsUMHyI2
5SIWet1hcYBuPd6l36NlZG,07tFgedhta5b5WaF0Yj4bH
5SIWet1hcYBuPd6l36NlZG,3Th60WEZwIWceINQVE4Ipx
5SIWet1hcYBuPd6l36NlZG,4uWhcZCwuPopf6JGvwsN2B
5SIWet1hcYBuPd6l36NlZG,3A4xVUf4pH2xCtIjctgdFd
1Yl5p4EDkBvLVf8lMcrbW2,7blTwZGiTplsvBEvYOsDot
1GOiMxQXZUzjzH0Sxpck0B,5NipqMGsY4AUeb7kGT8aVz
2ig9i7fHMdqXQREpMlO9y7,5MNSosfX9IiRNNAfcbLrEl
2ig9i7fHMdqXQREpMlO9y7,15fKXF1z3Us6ce3O4gGBKs
6rUMS0EHW924XLGp6Q3xtF,6PzEFDyksWekGikJc8M6Cr
6PAPPKv7XPCqPEG95UaOFa,78G8FdUykcn02tsgMLi3q0
3LiyBbbo5Negbgq9RV9qJa,3TikHXhctY4FUIMlkl0tzR
79i617mqpQLwUs3WTokYX9,7drPVZKqAnbY227UltZV3l
3JZonG7YkHKY20LJ3QoYrQ,0Eu1T2eous06I1bM774jN1
1F243xppsThmJaxnBuBfMA,2KoLmBXwsgMkfAvoPBlPmb
2Z0OcpA4i1KayJbXn800le,3vvLuXEEf7sl3izJcw0GIn
2DYzsMQpO7xOw7b3JwyIWP,0qc4X567Fs1DUbQ7bS2XSJ
2AxEUdsrmwEklnwAbZ53QE,0XNKQFs2Ewb3y0VsFUFc5l
2AxEUdsrmwEklnwAbZ53QE,4mWdGXvLBhz5i2Qe5swRXb
1hfISzdAwnywAKxaSpfloo,3vvLuXEEf7sl3izJcw0GIn
0Ot69EEAbZaZohRSYYu0I7,1kxqshyCqWuOQJNCTgHKzM
0Nm9hFm8QVt83zi4FJQ0Qu,4ywf1iH1ruKEcfpCgfJvyA
065bY5WrLvI3NN9VCK0QLe,6TLwD7HPWuiOzvXEa3oCNe
6ugYbXPyqfpYTtG9z6YRvH,3TikHXhctY4FUIMlkl0tzR
6ugYbXPyqfpYTtG9z6YRvH,27kGBCjiz5OXojkKX4xQ6R
2vuRLuYUWwwQgQtg1TzkKj,55jryyk7RhvMbrvoF0ndBh
2vuRLuYUWwwQgQtg1TzkKj,0XNKQFs2Ewb3y0VsFUFc5l
41bGn6u78I8eNZg86tx3vp,3vvLuXEEf7sl3izJcw0GIn
4qTNag73xHeQLFF5fEJWUQ,7ETrbkVb3uLwquyjX0T05M
1eH1gtGjEyettP3AjAom9W,01lZudgXsojt5TBHuygB8r
1eH1gtGjEyettP3AjAom9W,2eiThpX5zH6LFmqP2HY1hL
4M2O9at0fryRSQYVh3MgdK,3I9Bd4StaxvFWPG9AAjlrO
7pimTwSxwlq3OeG8ARZqEK,3TikHXhctY4FUIMlkl0tzR
6yUw6FLB1g8DqZUv7S5TKA,260kWe4y9lg7YFDsZBgsLv
5qhdXxsc1l7hQHOc1aZaGn,5NMwoStnfHT4LdETlJSwDT
5YooS9GIteTPkXqntp6cns,6OTMjaRQ9kxdwoPRYTmyOM
5YooS9GIteTPkXqntp6cns,2ISiyx4DLCMAMBCvPesCoq
7MIa5i5Q7kQrrfYKvwnWZ0,3Th60WEZwIWceINQVE4Ipx
7MIa5i5Q7kQrrfYKvwnWZ0,1kmpkcYbuaZ8tnFejLzkj2
7MIa5i5Q7kQrrfYKvwnWZ0,3vvLuXEEf7sl3izJcw0GIn
6l1Ot8lsZj5lzIxWjYHgUh,3TikHXhctY4FUIMlkl0tzR
5H4gHz16ELn3tFgvVIfApZ,1WAB4gjjNfQpAgT5SoAbRE
6rnmvTLg2KnF0rZUCgRWHH,5zXGVPJHUzQPUXKA7AlTi5
6rnmvTLg2KnF0rZUCgRWHH,1pvmXh50KezixmCHnp9XvV
5m5rShfBQk4UpG7vpsEKzf,0hmUwzWBrPHpGWGrYH05c3
4psimdmSobgECgzUVgWsia,3TikHXhctY4FUIMlkl0tzR
4psimdmSobgECgzUVgWsia,1H1zBr7TXFwTwsHU5kX9gW
6ynErSDSlxqsxg0D3LJ8sK,6E94QKXZv8BbO6QQJxcxLI
3SK45LddxlEkzI8OWO9Eyo,5TYxZTjIPqKM8K8NuP9woO
3SK45LddxlEkzI8OWO9Eyo,3jc496ljiyrS3ECrD7QiqL
3SK45LddxlEkzI8OWO9Eyo,6bXIjeV8nUh5pFxgzgny9P
3SK45LddxlEkzI8OWO9Eyo,3pUWmkSef9vJOPDViYGZ5L
1wPAOYQJcGSqvXkqcQHExr,3lY9Fxceu60W1rbon7PkuF
1wPAOYQJcGSqvXkqcQHExr,6k8mwkKJKKjBILo7ypBspl
1wPAOYQJcGSqvXkqcQHExr,5RzT7CM6Ot0sh0EHefMicV
3fTPnf1cNtC8k6nrT0j9wm,1QJbbsxg2wqidJj51d3otw
3fTPnf1cNtC8k6nrT0j9wm,4bWHA8fMNjzfGPQqnh5D6y
5ddFjrPG8NgQQ6xlOQIVd2,5TYxZTjIPqKM8K8NuP9woO
5ddFjrPG8NgQQ6xlOQIVd2,5IbUz6BcOu6IVY512oxavP
5ddFjrPG8NgQQ6xlOQIVd2,7xtnpHS34mLlxGZDVUBHSU
2Q2El9wpZcH191YKF9sr3b,1QJbbsxg2wqidJj51d3otw
2Q2El9wpZcH191YKF9sr3b,4bWHA8fMNjzfGPQqnh5D6y
0NipDzamAtvro0HMcZD5DK,4F4pp8NUW08JuXwnoxglpN
0NipDzamAtvro0HMcZD5DK,46pWGuE3dSwY3bMMXGBvVS
23E53f3C9SJ9MqBh1f6hEw,5N3YDBGT2gUzXgLDTwPRi5
6zSeaEIsIRRatRUPiO2dpe,1QJbbsxg2wqidJj51d3otw
6zSeaEIsIRRatRUPiO2dpe,4bWHA8fMNjzfGPQqnh5D6y
71R8HJxQk5qMiRstrlXN9t,1mcTU81TzQhprhouKaTkpq
71R8HJxQk5qMiRstrlXN9t,37BIBvfliXJpSgn10yQUJM
7DqfZaGd7v0J0ISy92GTan,2T3D6kBjXg7ofm7GXBaDQU
42lpuSQmnLUM1ZXJVzIVOi,28gNT5KBp7IjEOQoevXf9N
1G4ijIcLc7Ldf4iC7Utr4f,1QJbbsxg2wqidJj51d3otw
1G4ijIcLc7Ldf4iC7Utr4f,4bWHA8fMNjzfGPQqnh5D6y
2hSBhzE4hbWRWl4PLMiJsu,1nwjHzOUQZsNYX8xoWiGVC
0lstDvubsePLSuUiGWsNL8,1QJbbsxg2wqidJj51d3otw
0lstDvubsePLSuUiGWsNL8,4bWHA8fMNjzfGPQqnh5D6y
1fOYtsFfEOvQVFuFwLUnVI,1QJbbsxg2wqidJj51d3otw
1fOYtsFfEOvQVFuFwLUnVI,4bWHA8fMNjzfGPQqnh5D6y
2KTCXvWUbqfiinbFe7PJKP,1GDbiv3spRmZ1XdM1jQbT7
2KTCXvWUbqfiinbFe7PJKP,6w3SkAHYPsQ1bxV7VDlG5y
2KTCXvWUbqfiinbFe7PJKP,7cYik4OyfBXYV5Z2TI7p90
2KTCXvWUbqfiinbFe7PJKP,7x7vfF89MqM94K8wvK3Omq
7ql2RUmAmj36tkMUNWo7MT,6k8mwkKJKKjBILo7ypBspl
7ql2RUmAmj36tkMUNWo7MT,0L1f9i3L3fkMNENljDOsjG
0O4bCG1TnGt4rARJOFfa1N,1QJbbsxg2wqidJj51d3otw
0O4bCG1TnGt4rARJOFfa1N,4bWHA8fMNjzfGPQqnh5D6y
5jzEwSyyymBlf1fa1o39T2,0Q8NcsJwoCbZOHHW63su5S
5jzEwSyyymBlf1fa1o39T2,0EFisYRi20PTADoJrifHrz
4tGPi30jgutml0z5QgNd8Q,68dW5BU6sdVNf099EylxEt
4tGPi30jgutml0z5QgNd8Q,0kKygNaCQjqVLrImIftRDJ
4dxeRrYgeAQ1F0uH9g04lN,2zd9YxlsQvA5mkZ1NarYVQ
4dxeRrYgeAQ1F0uH9g04lN,6RJXSfbIkEMoCJ8GAg2dVO
5zxZ7M4RgWZUHlMEwac8vt,1BwDWgdDJe3TJXLZkBkpsI
0r6uP3bakGB2SlfA5JEotS,3tNPDodRNuLdezJnTsYOqy
09ZI6ytqLZe1sRXLKPKZNe,68dW5BU6sdVNf099EylxEt
5lsvS3ENLMRBNuDG4fn9Ki,0NRMzT05nsc8mTm4iUvuHY
4SS4YfDAEQG0fZAe1xfgn3,6RJXSfbIkEMoCJ8GAg2dVO
32z2QHVJTOPzzczl4MjmHo,5wXRHaEx8AvtUv0gyZHGf6
6mDcLPGVCmdhMN4gBzNb7s,5uvOG0MwnD2ANrxNBUPtNr
6mDcLPGVCmdhMN4gBzNb7s,0I0zS0aiq9JeGMBT45x6d8
6mDcLPGVCmdhMN4gBzNb7s,54tAGj0D5DRj7wKZdgALnq
2MlOUXmcofMackX3bxfSwi,523y9KSneKh6APd1hKxLuF
2MlOUXmcofMackX3bxfSwi,4cfKtwkefMW3aiXtxfw8w6
61YmcO62hGjw1RlDHZ0XEg,3tl4Gc5RItD9lE6MJZGhLg
1KaddVS6HXYrvt6ETZtRQ8,5wXRHaEx8AvtUv0gyZHGf6
5IONrCRMaQomlgoKpIoI8O,2zd9YxlsQvA5mkZ1NarYVQ
5IONrCRMaQomlgoKpIoI8O,6rYEqmajzlhGVaayOJ2bpJ
0GJbfGoCNAE0SafM9LW0nF,7jEEE187pVG6InOxn03oA5
0GJbfGoCNAE0SafM9LW0nF,59E9dYtwLTUAGuAppwFKAW
3R9KvtovDyPBPtBqiulmoq,51TXQniEQkYh89tfLjiuSy
2YjWAJEES4VMcwoOWvqk08,6HYjkczJfUdGcwIGPOq5P2
1T43ASu3jRDUOtv80ebNJO,4XW87HXcsYTkdK7IhSy2Kt
1T43ASu3jRDUOtv80ebNJO,2vduakOON9BipyWkPSBo4S
4SLYrBfzgbLmiEdoKajyHL,2DWNa2o3BbsIHeBq7Iu6E7
7jDtQkIxKFELTpQa27VWWR,1Xylc3o4UrD53lo9CvFvVg
6T5FJhpJcY7lH2PLO1Htg0,3pvc2tagjnl9pGIi6BBfIS
2AfIH7lNuwcbKBBfZH3ks5,1aA5OGASCVhznQYm71BMYg
2dTCGgZ3e6kzPpYXcn0PWM,0Q5gLNKbp5mpfEvquAaHCl
5WBaMuA6gMy90SZXyS4Yz0,68dW5BU6sdVNf099EylxEt
7t3VznmzfrDXFyexb2wA0q,4zGH6gaO4NohcfCXZ31bQG
6IgMLWNcxP1vONuQSIDEpk,51TXQniEQkYh89tfLjiuSy
247LJ2oARxtQuFAlbPIx79,0NRMzT05nsc8mTm4iUvuHY
247LJ2oARxtQuFAlbPIx79,5wXRHaEx8AvtUv0gyZHGf6
5Gltinn48NXDSsIwCuIRmK,5wOlRsRt9ggoBDjjmhaF7x
6inhRGv7e8iqDEMRQuFk0W,5CPsScBTPYY11Lv4Eb7k4t
43cM4eJO1So9iyNy8nfnpc,7lKk7yXNockkDjhb1GCeOy
43cM4eJO1So9iyNy8nfnpc,2vduakOON9BipyWkPSBo4S
2vTin2H3idCl2nuc3CqdPR,1gm1katIowFM22Ldqcw6DK
704iA6CyFdeP24JvGFxsRs,3uFum0NCM1PtmCO0MwsOAt
704iA6CyFdeP24JvGFxsRs,1Xylc3o4UrD53lo9CvFvVg
3h8WBhNnafO0wzsEnGeJfX,1gm1katIowFM22Ldqcw6DK
3h8WBhNnafO0wzsEnGeJfX,4tSx9oXscGCVaVXEhH86qp
3MMJuk00QLVAjS6vwBZ67V,6RYT3r4anXD8WAGOw6T8El
41iZhFesLQ6JLjyPxI4LLL,5tVyieWwN9j09jXUovK2zN
4fJlSLYLiu5trFCMZdSQDC,6g641431O1Xkl7HAs2yFEg
1Ytgo9ipdlTsf6wlg6sXf3,6xErgeZYatiaQ36SB5bvi8
0upiMcFbQHH51etgz4xK0l,7nKA1c1Qn6nI0XA8yburf3
0bIbgooxvBkww2ZGeu8VMR,4MMQmzYiUiuD8VwjrJu3v6
0bIbgooxvBkww2ZGeu8VMR,6QYehwA9q6UQEMs1Vak0uy
19fp9nI0tq0lcBl7XoCHAb,6xErgeZYatiaQ36SB5bvi8
0ynz4VvIZrq0ZWshXiwRxY,7aRC4L63dBn3CiLDuWaLSI
7tgzj2IqzSgUpxUhjmcF5m,6xErgeZYatiaQ36SB5bvi8
3EohByRFmkLh1Upve1UpSC,0E6oEhZZtQvj811iXQFLrB
3EohByRFmkLh1Upve1UpSC,6g641431O1Xkl7HAs2yFEg
7a6VJHMS9ttKsj55cKC51G,6g641431O1Xkl7HAs2yFEg
36gzVLH9Bq0p544PdDu8WS,5rEuIFwgGGp7t4b3t8ShJw
36gzVLH9Bq0p544PdDu8WS,2qXGNIlmY3JrYkxOWyXZsd
4E5PyVOBH25CICgTURwGXM,2qXGNIlmY3JrYkxOWyXZsd
66YKSygcUZHHqHJZcWslI3,7aRC4L63dBn3CiLDuWaLSI
3NNDJfWMGHuNpvHWTImmlW,3aIDSTKS9yH745GUQBxDcS
6vcl5gHFcDmGnioPoHBxER,5PNcqs6EtD6gSXgUiiJIUU
5QbK5PrR9wbog3M5vVAn2n,2qXGNIlmY3JrYkxOWyXZsd
7ep5TafdBRpwCbwMciRPaU,6qzfo7jiO4OrhxrvPFPlWX
3CEkc8f1UDvI7kohz3ARpA,01u3qI3xMGFvktXyRSMGRZ
5VJV7hZSVV81OrQN3VDmfM,6zCAdMK7SVxKyGMnAc26Cy
6lZKB76djHxzO0p2Y3E8vj,7aRC4L63dBn3CiLDuWaLSI
2h5j6lshsRkShTQ527SOlj,4xlAHgZnzzPHtoKnev0gwJ
3oRP6yGs5d0kFpGRRzzaS8,16s0YTFcyjP4kgFwt7ktrY
6us212S3fCRIQwOwNExqLH,5fEQLwq1BWWQNR8GzhOIvi
6us212S3fCRIQwOwNExqLH,7rXM91kSsqGzvYANukdQJD
0TVrlU8El0K6U1pC2LOt09,5fEQLwq1BWWQNR8GzhOIvi
0KWnRv3wxjltYVB3MqjNd2,4TcOznbEZBqev21LzAH4KE
2YA5IfmQwAmVzHRP3SVnEd,6g641431O1Xkl7HAs2yFEg
56XaEf9Mo2Njaxa9TIn5LR,6taSlFSqCqAEUHOliFyHt7
4KlrEwjhXnHLtmKauxVHJz,7HSeegdmjLYRJpkOYIaZIW
4KlrEwjhXnHLtmKauxVHJz,2WhGojaMjv4VVn2HQSqrLM
4KlrEwjhXnHLtmKauxVHJz,4oZolC0sCwCAKqsNXfRlVS
2VnNaJFGInEJ0R5GkSQ7IP,4PdggFNYwGfjRfkdG5OfES
2VnNaJFGInEJ0R5GkSQ7IP,7HSeegdmjLYRJpkOYIaZIW
2VnNaJFGInEJ0R5GkSQ7IP,4SgKWjM7cJDCh2aY9H4HZf
2I3qA0KslRCxFTfZnPyDhf,4oZolC0sCwCAKqsNXfRlVS
2I3qA0KslRCxFTfZnPyDhf,2to8xMgnoxHCXPF7eWJPvg
2I3qA0KslRCxFTfZnPyDhf,4SgKWjM7cJDCh2aY9H4HZf
2I3qA0KslRCxFTfZnPyDhf,6Oa7dtz85WbPv9pYDcRSDN
2I3qA0KslRCxFTfZnPyDhf,1l6UgL5G16tId4qoYH8qJn
6TD5xfffOnYHliuF1wzL6U,3Ufoo4BPShhahtCSjgpBLP
6TD5xfffOnYHliuF1wzL6U,3LbBKYlyMaATS8IIe7HJ0d
6Fbsn9471Xd0vVsMWwhePh,3FwYnbtGNt8hJfjNuOfpeG
3wGx3gYPjECKZazGNuPEX2,51wGpVg4Z3lv1IjuZAQjXn
3wGx3gYPjECKZazGNuPEX2,5iggzY0xY68wNNWXhiPrZz
6rVaOdWvFaNyVVXda0NPJy,6OzE2OdvV2tGAxSBsBuZ74
17iGUekw5nFt5mIRJcUm3R,5dfZ5uSmzR7VQK0udbAVpf
014DA3BdnmD3kI5pBogH7c,2xvW7dgL1640K8exTcRMS4
014DA3BdnmD3kI5pBogH7c,4x1fUORHa2EsxrQ6ZzAoQ0
014DA3BdnmD3kI5pBogH7c,0gGd4WhPXBSgDX6fdOHcOw
4Rbnxa7kFSpCHNPJ3uZhtR,1WvNgEoB66jmHodcj15Zi9
4Rbnxa7kFSpCHNPJ3uZhtR,7sI2avJ3MyFstC9oKNM7py
4Rbnxa7kFSpCHNPJ3uZhtR,3nGqUwkJHiLPDECMVrX1Sq
1MQ97OxIEAMm5BUHbS6yHv,2KUMXzsDcJqXZW0CRh07zP
2EMbVMhUtYNfuAhTi9HvBk,0DL9VpY3UsZWQyDOO5Ej2o
2EMbVMhUtYNfuAhTi9HvBk,1nX1HVIUo1Zfs3e2v3lFb9
7wkX67ruxr3x2GFz6vyIX9,57g2v7gJZepcwsuwssIfZs
3VOeGtJwJh2jslvQAFaaEn,2xK6qcvfXuFFbU0NL95aeo
6HpDKKSDZ8QpSHfikENIBC,6zUWZmyi5MLOEynQ5wCI5f
6HpDKKSDZ8QpSHfikENIBC,4e5LAUvM35jleGg8gElTsP
6IAqflHsPVm4EpYghXauX7,4bPYvyUn1mWwUwIW57oST2
6IAqflHsPVm4EpYghXauX7,2ZjO6APYelcHcLd2pWMx8x
1fh5Sf3fFESFOS8D82RQiI,2aQnC3DbZB9GbauvhAw7ve
1fh5Sf3fFESFOS8D82RQiI,6OzE2OdvV2tGAxSBsBuZ74
2Jaaw8PrdUfPlU6o6tL5dl,2xvW7dgL1640K8exTcRMS4
5SUXc3Xe4GaWyDo45v6Lea,7Cp2hGcriAaDUAWpXnSEwm
4Wdwvi2C5MD8zDi9Kg3x4X,2rVYwIYNEsMxtt8j5yemHb
6iWPQ9xAYH3ZePu2Z209Y6,5TSjLaWHQ69GaALubAM7gR
6iWPQ9xAYH3ZePu2Z209Y6,0MSThXXAv51swAKUOuZg8A
5zH2inEP6THOY8tomr3DdZ,0IdAjS2LRieBR3gzoazdAw
2f8Ew6sB7KHlTiH9NTLvVM,4jQZaxfgwiUJFQagCyZNV4
2f8Ew6sB7KHlTiH9NTLvVM,0EOMdQwzUG6CKh9oWvcANr
2f8Ew6sB7KHlTiH9NTLvVM,2aQnC3DbZB9GbauvhAw7ve
3pyHABNUu0QxeyH1x8p7yf,6ZmHJcmCcc9X2sAyz6cHng
3pyHABNUu0QxeyH1x8p7yf,3OeYidiG0MAcGmiSwTHZf6
1eZ8S2yOGRhAE32pg27M1S,3KJopZ2uUclqEtLxQg0FNn
25edeHHueINMguqu9emCyV,1LEtM3AleYg1xabW6CRkpi
25edeHHueINMguqu9emCyV,6ZNAsA4h8V7SOLtiK8Vfav
6iXGivPFpsqKmrINhIbPvx,7H9jPV9qWyp6V629038aXU
7LVrrX8pkzI9fMF88nGabt,1LEtM3AleYg1xabW6CRkpi
7LVrrX8pkzI9fMF88nGabt,3rjcQ5VIWCN4q7UFetzdeO
42pZsfo15M63tgCpDeGCx6,6NF9Oa4ThQWCj6mogFSrVD
42pZsfo15M63tgCpDeGCx6,2SqJ4xPQ0QRPqi8H62CNSU
42pZsfo15M63tgCpDeGCx6,5zifyPCJIZxUBhVq7AydsT
7dJVE53hGAX9TcKH0abFic,1Dd0DajYMxzu1Q6kuXLyJ3
7dJVE53hGAX9TcKH0abFic,3diftVOq7aEIebXKkC34oR
7dJVE53hGAX9TcKH0abFic,5Clu9Zqi4iZJGdLGkNEQms
6B1Io9VDzMAmwFjrplDJw8,5fa13NJjmn2uQ3dxZDi2Ge
6B1Io9VDzMAmwFjrplDJw8,0qkGQFUrj8ERPAZcdpa79j
51bYFYWODfYOZU0rwvjiCc,2nSO7JYDbJrYbJmP39qUzj
51bYFYWODfYOZU0rwvjiCc,1LEtM3AleYg1xabW6CRkpi
3HJ0EW4kd9S1NRCm039Fsk,0r63ReVRjxrS4ATbLrdcrL
3HJ0EW4kd9S1NRCm039Fsk,2nSO7JYDbJrYbJmP39qUzj
6jcG3yZ0e2CSI6omkYO1ut,3diftVOq7aEIebXKkC34oR
6jcG3yZ0e2CSI6omkYO1ut,2v14NO80QYditUms7sbEIZ
2WOpp4vm16unl0N3i3BNNv,7mFCX07lzCFLpHm72R93oB
2WOpp4vm16unl0N3i3BNNv,4RGBKkUyyvsim9vdBKCCkc
3b34161QoxLwsqhWSPy9i5,6zUWZmyi5MLOEynQ5wCI5f
2rbDhOo9Fh61Bbu23T2qCk,1HY2Jd0NmPuamShAr6KMms
6qojhjr9LHJOvLDzK5yBHP,6RUfMGubOnHT1p3nfeXpBl
6qojhjr9LHJOvLDzK5yBHP,75Ki5hBCOpDtKGoFyTvLxP
1CyYcBdukmFjFibDZaDlHc,4sDsgLXhS6If9HrV2mwuSx
2AiZm17zqkV7llT3SHz4Nu,1LEtM3AleYg1xabW6CRkpi
2AiZm17zqkV7llT3SHz4Nu,0IdAjS2LRieBR3gzoazdAw
